filename,label
output_train\diabetes\d_-100-_jpg.rf.618bd10429d219cbdebe2ec851031046.jpg,diabetes
output_train\diabetes\d_-101-_jpg.rf.1274e8ca911d000142fe714f2525b8a9.jpg,diabetes
output_train\diabetes\d_-101-_jpg.rf.517603c676b5bfbea61d76be7e449097.jpg,diabetes
output_train\diabetes\d_-101-_jpg.rf.ea426ef891749ab6f68fcf37297982c8.jpg,diabetes
output_train\diabetes\d_-102-_jpg.rf.33f6ddf6ec4662d6b1dd1d59e0e20ff3.jpg,diabetes
output_train\diabetes\d_-102-_jpg.rf.4aea924399c0a28fdc0e72af2764228a.jpg,diabetes
output_train\diabetes\d_-102-_jpg.rf.e6576d3590669fa94f7f6dc93fceaf5e.jpg,diabetes
output_train\diabetes\d_-103-_jpg.rf.5dcde93f476415d5707efd471ee78173.jpg,diabetes
output_train\diabetes\d_-103-_jpg.rf.d8f0cf2f9f729398461f15214c961045.jpg,diabetes
output_train\diabetes\d_-103-_jpg.rf.e5f1d9dcc0c056b7eabec30bde170480.jpg,diabetes
output_train\diabetes\d_-104-_jpg.rf.1f374312d592fab8c6260dab584dd303.jpg,diabetes
output_train\diabetes\d_-104-_jpg.rf.3dbbccde919c8534d870834042726ad4.jpg,diabetes
output_train\diabetes\d_-104-_jpg.rf.bbd4d1ce89ff8d2f5de8762ed97b53d5.jpg,diabetes
output_train\diabetes\d_-104-_jpg.rf.d040b4d8891d8ef05eaaa3bd6595fbde.jpg,diabetes
output_train\diabetes\d_-104-_jpg.rf.e054eb8c2d0360aa941cb268a328bd19.jpg,diabetes
output_train\diabetes\d_-104-_jpg.rf.ffcd98bd55786c86ec5764e64a7a1713.jpg,diabetes
output_train\diabetes\d_-106-_jpg.rf.069746d792326a238293fce581457a2b.jpg,diabetes
output_train\diabetes\d_-106-_jpg.rf.08e49358937e7b02f93ffaafa464f49d.jpg,diabetes
output_train\diabetes\d_-106-_jpg.rf.2752bdcdd32e33d2ffbb0d95584f662c.jpg,diabetes
output_train\diabetes\d_-107-_jpg.rf.041ebae66ab5b6e1d043b5d24009cc03.jpg,diabetes
output_train\diabetes\d_-107-_jpg.rf.35c93f11341b93a3bd18d9bb48213595.jpg,diabetes
output_train\diabetes\d_-107-_jpg.rf.4150f5c667dd6e17594ff7f56074e539.jpg,diabetes
output_train\diabetes\d_-107-_jpg.rf.d1b1336b7588f88d860b56bdc13ccb6a.jpg,diabetes
output_train\diabetes\d_-108-_jpg.rf.0c38990ecfb3de36f194712df1feeb04.jpg,diabetes
output_train\diabetes\d_-108-_jpg.rf.41ae0f6327b9e6c4de7bd7aaa44a23db.jpg,diabetes
output_train\diabetes\d_-108-_jpg.rf.881bb22d65688ac6b7354afbfc6d5a43.jpg,diabetes
output_train\diabetes\d_-109-_jpg.rf.ed2836a4e1d86621e28e9fecad612204.jpg,diabetes
output_train\diabetes\d_-111-_jpg.rf.39e1376821e84f3db3b484f547021cc0.jpg,diabetes
output_train\diabetes\d_-111-_jpg.rf.7f8a96d0d72d208c63c0b90c7e671215.jpg,diabetes
output_train\diabetes\d_-111-_jpg.rf.e683d6d4874bf2b3b6b2e5c15d894533.jpg,diabetes
output_train\diabetes\d_-112-_jpg.rf.5c1a2d1a52380f426a59342368ed5afa.jpg,diabetes
output_train\diabetes\d_-112-_jpg.rf.bcc7dfff108fabf8aa65a527734c6162.jpg,diabetes
output_train\diabetes\d_-112-_jpg.rf.e72f3bb231439833514ac465a26b148a.jpg,diabetes
output_train\diabetes\d_-113-_jpg.rf.2530a5585f0e96d334895697642d11e4.jpg,diabetes
output_train\diabetes\d_-113-_jpg.rf.72d17c4ab57e71645ec5d92331754249.jpg,diabetes
output_train\diabetes\d_-113-_jpg.rf.c6dcffed61edc172c7ac7e85587d314b.jpg,diabetes
output_train\diabetes\d_-114-_jpg.rf.3d19251ef8895f353220a92626388774.jpg,diabetes
output_train\diabetes\d_-114-_jpg.rf.443293843c4c3d7322025445d91726dc.jpg,diabetes
output_train\diabetes\d_-114-_jpg.rf.a09f03d75e7f1a1ba7a4a788b3ac617f.jpg,diabetes
output_train\diabetes\d_-115-_jpg.rf.9a0d488576095bdd66799b9207f685f3.jpg,diabetes
output_train\diabetes\d_-115-_jpg.rf.9e49dbc45141d9b7fda344f11f36d9b4.jpg,diabetes
output_train\diabetes\d_-115-_jpg.rf.ec8e2fa6c46cee8ce41011db8bdbe060.jpg,diabetes
output_train\diabetes\d_-116-_jpg.rf.21fc61211f83b1c78d897246409b2ed5.jpg,diabetes
output_train\diabetes\d_-116-_jpg.rf.653d5b12137394b1f0e3cfa3e4bccebb.jpg,diabetes
output_train\diabetes\d_-116-_jpg.rf.6f7c7b9b17927b81be27d95cb4728331.jpg,diabetes
output_train\diabetes\d_-116-_jpg.rf.a98ada12b7f87987da103cbfd1b7b79c.jpg,diabetes
output_train\diabetes\d_-116-_jpg.rf.b236a8bf709e4156cebf26d14931c882.jpg,diabetes
output_train\diabetes\d_-116-_jpg.rf.d88220f053289354e4fdfe4556c0e045.jpg,diabetes
output_train\diabetes\d_-117-_jpg.rf.64a5b0a22073d9bbdcff8793e6d5cb47.jpg,diabetes
output_train\diabetes\d_-117-_jpg.rf.83f634345f7b2f2eac8d0f6b00099f84.jpg,diabetes
output_train\diabetes\d_-117-_jpg.rf.cb8d560e239543932b0167ede34b9fc7.jpg,diabetes
output_train\diabetes\d_-118-_jpg.rf.75ddf19a9e1a30f5aa5fd7fcf5c7e22d.jpg,diabetes
output_train\diabetes\d_-118-_jpg.rf.9ae3ccacd3d1e082eded4b106f5e551e.jpg,diabetes
output_train\diabetes\d_-118-_jpg.rf.e26fa075832a0334c551ee5be2f9e67a.jpg,diabetes
output_train\diabetes\d_-119-Copy_jpg.rf.2b5303817b015e100bf1093fd5af04e5.jpg,diabetes
output_train\diabetes\d_-119-Copy_jpg.rf.a9975739199b3a300dcec0300e14fa7f.jpg,diabetes
output_train\diabetes\d_-119-Copy_jpg.rf.acdf1b09de064ecb57cfdfe6f3e913ab.jpg,diabetes
output_train\diabetes\d_-119-_jpg.rf.5b412822baef02098f86566f823c326a.jpg,diabetes
output_train\diabetes\d_-121-_jpg.rf.94c249389af7c90cb732204c132d28b1.jpg,diabetes
output_train\diabetes\d_-121-_jpg.rf.a32685212ea759275bafcad60ace36c2.jpg,diabetes
output_train\diabetes\d_-121-_jpg.rf.fdd57676b99d649bf12aeaea4da06c01.jpg,diabetes
output_train\diabetes\d_-122-_jpg.rf.08b26e15b47e7bfca2b2a280059ff76d.jpg,diabetes
output_train\diabetes\d_-122-_jpg.rf.d02220dbf31380a379cdcd16cd91faac.jpg,diabetes
output_train\diabetes\d_-122-_jpg.rf.d3498bd23b40e99f3c16278afc701f5c.jpg,diabetes
output_train\diabetes\d_-123-_jpg.rf.421bf1965a8936494d60b0ec13f10cf7.jpg,diabetes
output_train\diabetes\d_-124-_jpg.rf.30ade94b20f62140407a3d365483e159.jpg,diabetes
output_train\diabetes\d_-124-_jpg.rf.48a4e5cee9e5f529492ead5399c91de0.jpg,diabetes
output_train\diabetes\d_-124-_jpg.rf.f92055fc62c56d35fea59fd01d185835.jpg,diabetes
output_train\diabetes\d_-125-_jpg.rf.1b2c0a6a8ed02a5e8a1badf8177aa1bb.jpg,diabetes
output_train\diabetes\d_-125-_jpg.rf.51acab8d820d13eb0ccffd61ecec0551.jpg,diabetes
output_train\diabetes\d_-125-_jpg.rf.d56c01dba66717bd42033ee0978763f5.jpg,diabetes
output_train\diabetes\d_-126-_jpg.rf.2986ac60cf456467a64bfecfb0011b8e.jpg,diabetes
output_train\diabetes\d_-126-_jpg.rf.62cc0498d277e093c014544804427909.jpg,diabetes
output_train\diabetes\d_-126-_jpg.rf.b094d414fe47cb73972b472a55ad3145.jpg,diabetes
output_train\diabetes\d_-127-_jpg.rf.69f3905aefaa4f2993e0db5cdca9735a.jpg,diabetes
output_train\diabetes\d_-127-_jpg.rf.b6a777756ec8ca9d038b1ff85851f009.jpg,diabetes
output_train\diabetes\d_-127-_jpg.rf.e367fd3571ad0a92cb5c14f2d0d201f0.jpg,diabetes
output_train\diabetes\d_-128-_jpg.rf.1e3d7497a0c9fe5c95d426c375526b15.jpg,diabetes
output_train\diabetes\d_-129-_jpg.rf.16eca97f75cc81472744baaa9e89360b.jpg,diabetes
output_train\diabetes\d_-129-_jpg.rf.682b9f2500cb11481a4ad573cb24de43.jpg,diabetes
output_train\diabetes\d_-129-_jpg.rf.89df13d02d933cc9c112e05ecf9c495c.jpg,diabetes
output_train\diabetes\d_-130-_jpg.rf.28eb89b5dbdf8801ed232d34cf1eb178.jpg,diabetes
output_train\diabetes\d_-130-_jpg.rf.7d2122b2b67b4146c8085f16c1e10357.jpg,diabetes
output_train\diabetes\d_-130-_jpg.rf.b8dc91547f4096b6459e338373acf0a9.jpg,diabetes
output_train\diabetes\d_-131-_jpg.rf.195e96946510e3cf10b102ab932f3db6.jpg,diabetes
output_train\diabetes\d_-132-_jpg.rf.0cceb13bdf0a7d656bea3f60272f93de.jpg,diabetes
output_train\diabetes\d_-133-_jpg.rf.091a1b6df159c95f917b0c19283c1808.jpg,diabetes
output_train\diabetes\d_-133-_jpg.rf.34eb6b5b1f575fd835e10fe5b33968d7.jpg,diabetes
output_train\diabetes\d_-133-_jpg.rf.b0c4bc39a2b345ba6a6e59862c67e7e9.jpg,diabetes
output_train\diabetes\d_-133-_jpg.rf.ba989965e44be5b532eeee7899e4c2d6.jpg,diabetes
output_train\diabetes\d_-133-_jpg.rf.d2e9d9e427f036a21e51c205891b160b.jpg,diabetes
output_train\diabetes\d_-133-_jpg.rf.f29cbd49b11d8f1c6b41812cfbcd0691.jpg,diabetes
output_train\diabetes\d_-134-_jpg.rf.0e17bd1593d0c0662d2cc9616d2848eb.jpg,diabetes
output_train\diabetes\d_-134-_jpg.rf.d657306b60c3c82e58e1675b05263a09.jpg,diabetes
output_train\diabetes\d_-134-_jpg.rf.dca8d095a1e5ee3eec4d0fb77f968e06.jpg,diabetes
output_train\diabetes\d_-135-_jpg.rf.412dca0c2df4454586c4158b220801f7.jpg,diabetes
output_train\diabetes\d_-135-_jpg.rf.4597fa1e36bb6841ca15a852a86c5487.jpg,diabetes
output_train\diabetes\d_-135-_jpg.rf.db6e0c64be712a7eff35a3887666d00b.jpg,diabetes
output_train\diabetes\d_-136-_jpg.rf.03cefeb59638acd1f1298e466b1181e5.jpg,diabetes
output_train\diabetes\d_-136-_jpg.rf.23813a91bb78bcbb24a0f268eb430f3d.jpg,diabetes
output_train\diabetes\d_-136-_jpg.rf.41343ba90b86fbcf13fc4f425c0059ba.jpg,diabetes
output_train\diabetes\d_-136-_jpg.rf.d2369b0858a926c59e1d1b2d7133b2af.jpg,diabetes
output_train\diabetes\d_-136-_jpg.rf.dd59547e8f8bbd1bcdf2f89cf63a1716.jpg,diabetes
output_train\diabetes\d_-136-_jpg.rf.e587b1dbef7fae15bca8ce0fa8f11e0f.jpg,diabetes
output_train\diabetes\d_-137-_jpg.rf.5bcd69f00dd0f42c7d916cd3a9ecbc5f.jpg,diabetes
output_train\diabetes\d_-137-_jpg.rf.8008f847e42097df49b14a8c55d76830.jpg,diabetes
output_train\diabetes\d_-137-_jpg.rf.aad3d06b4c7533cbe805800a8c719c5a.jpg,diabetes
output_train\diabetes\d_-138-_jpg.rf.3aaa0f92f64f2a661cab8ca77864836d.jpg,diabetes
output_train\diabetes\d_-138-_jpg.rf.40de91dd942e8f707568889b1138a2b4.jpg,diabetes
output_train\diabetes\d_-138-_jpg.rf.9186125301698b29c9f8cc776561152d.jpg,diabetes
output_train\diabetes\d_-138-_jpg.rf.fb04da1d09274a8e4e9f5aa3ec0330f9.jpg,diabetes
output_train\diabetes\d_-139-_jpg.rf.f886b4084f26881a5f48b54b02ac4596.jpg,diabetes
output_train\diabetes\d_-140-_jpg.rf.2c490d167958270a24ddccb97bd525d9.jpg,diabetes
output_train\diabetes\d_-140-_jpg.rf.91af52665ce896bb199902cad5284c1b.jpg,diabetes
output_train\diabetes\d_-140-_jpg.rf.e4eab842137c59a641fe9990842f9424.jpg,diabetes
output_train\diabetes\d_-142-_jpg.rf.3ba8e80d9951b4127472ca29f74350dc.jpg,diabetes
output_train\diabetes\d_-142-_jpg.rf.46d21d8bdee9a6953a4bf648913a13ed.jpg,diabetes
output_train\diabetes\d_-142-_jpg.rf.ca98980a21d71e6ed4a0e56cd95f0666.jpg,diabetes
output_train\diabetes\d_-142-_jpg.rf.d9c1480d2d2b1fc5a8b530561bf8d89d.jpg,diabetes
output_train\diabetes\d_-142-_jpg.rf.ee9571246d76fe7736804346ab7f3d21.jpg,diabetes
output_train\diabetes\d_-142-_jpg.rf.f2d48b0b60af53f2752526b65b0966f9.jpg,diabetes
output_train\diabetes\d_-143-_jpg.rf.45533077c24514051ed48563795783eb.jpg,diabetes
output_train\diabetes\d_-144-_jpg.rf.83259376b5c468a63468e4ed2a84190a.jpg,diabetes
output_train\diabetes\d_-145-_jpg.rf.0d29a44167da8655c20f132491a6b8f1.jpg,diabetes
output_train\diabetes\d_-145-_jpg.rf.664e82bb3545aba8327e575d2ea8d154.jpg,diabetes
output_train\diabetes\d_-145-_jpg.rf.e5c709202b8050793e55664aac866138.jpg,diabetes
output_train\diabetes\d_-146-_jpg.rf.65eec921ce40f6cdd07ab536ad5dc067.jpg,diabetes
output_train\diabetes\d_-146-_jpg.rf.7cd707323d1021ead3767a798b3f13de.jpg,diabetes
output_train\diabetes\d_-146-_jpg.rf.9b498494332de0dcfcc8cd3fc9792f8c.jpg,diabetes
output_train\diabetes\d_-147-_jpg.rf.0a1430c12c3fdcdc7f11f913d2ac9a53.jpg,diabetes
output_train\diabetes\d_-147-_jpg.rf.681bbc82582278d4b2b5174252fca604.jpg,diabetes
output_train\diabetes\d_-147-_jpg.rf.a1425b6bba729a5f395d538975ddd9a9.jpg,diabetes
output_train\diabetes\d_-148-_jpg.rf.0226999fa77398133ef19eb68ae5843b.jpg,diabetes
output_train\diabetes\d_-148-_jpg.rf.64f36c001bde384234ad9452e702f20e.jpg,diabetes
output_train\diabetes\d_-148-_jpg.rf.e5191d4bcd899f79825a1cb7a9324515.jpg,diabetes
output_train\diabetes\d_-149-_jpg.rf.052c923bfa668020043aec400e031aed.jpg,diabetes
output_train\diabetes\d_-149-_jpg.rf.8b7525dc6045bb2f5fa21eb9144e4af0.jpg,diabetes
output_train\diabetes\d_-149-_jpg.rf.a5a9d2a1460dc3dc6c58ebbf885647ac.jpg,diabetes
output_train\diabetes\d_-150-_jpg.rf.236ba2968b4c6e29bdaa15c86f3b20f7.jpg,diabetes
output_train\diabetes\d_-150-_jpg.rf.d93d4a69c79df15ba39d792d2ab81e0c.jpg,diabetes
output_train\diabetes\d_-150-_jpg.rf.ec7b54b3c6cb75dd7d05b8edefb58169.jpg,diabetes
output_train\diabetes\d_-151-_jpg.rf.c30f8306ca83e7db7871fdee757f84e6.jpg,diabetes
output_train\diabetes\d_-151-_jpg.rf.c5efd52b4a630bbe08ebb64032cfed0b.jpg,diabetes
output_train\diabetes\d_-151-_jpg.rf.d8da821d732626bf876c753051a089f3.jpg,diabetes
output_train\diabetes\d_-152-_jpg.rf.8f6445fe07b5db1f2db21d835f5af041.jpg,diabetes
output_train\diabetes\d_-152-_jpg.rf.d5955e6d794396aa76621b8e5fa71bf5.jpg,diabetes
output_train\diabetes\d_-152-_jpg.rf.eced9192d5cc38e711fd1beec7e574b2.jpg,diabetes
output_train\diabetes\d_-153-_jpg.rf.1350b763aab28db60bee22dfe3fdced7.jpg,diabetes
output_train\diabetes\d_-153-_jpg.rf.7b35cae9507b76985b28c70e1edf4f30.jpg,diabetes
output_train\diabetes\d_-153-_jpg.rf.d9524e3968761f988e20d48f05221f50.jpg,diabetes
output_train\diabetes\d_-154-_jpg.rf.4ec164fbcef6000dad5136f377df5072.jpg,diabetes
output_train\diabetes\d_-154-_jpg.rf.89d6fe6843195d2484771e206f4ab01e.jpg,diabetes
output_train\diabetes\d_-154-_jpg.rf.ad2e1a7cbeed72165ee9a25d6f5b9e7a.jpg,diabetes
output_train\diabetes\d_-154-_jpg.rf.c48d1c451aaa4c3a42ff03e414b43ab3.jpg,diabetes
output_train\diabetes\d_-155-_jpg.rf.4dacdbf2fe723a5a8b5a9a425d9d9552.jpg,diabetes
output_train\diabetes\d_-155-_jpg.rf.899e966278c4e388f97256a853bd10f5.jpg,diabetes
output_train\diabetes\d_-155-_jpg.rf.e45086be5fe4e90b6c205d6741b28d28.jpg,diabetes
output_train\diabetes\d_-156-_jpg.rf.1187d70f00a2ac9b33cb17c509bac898.jpg,diabetes
output_train\diabetes\d_-156-_jpg.rf.4076683cc82374709cf0ceca9df4ba4b.jpg,diabetes
output_train\diabetes\d_-156-_jpg.rf.60f291d19082497105723dda0eb7e721.jpg,diabetes
output_train\diabetes\d_-157-_jpg.rf.01def92592632a7921e57c034343bb34.jpg,diabetes
output_train\diabetes\d_-157-_jpg.rf.726921025d7e65cdf7be0b9c6a5da02e.jpg,diabetes
output_train\diabetes\d_-157-_jpg.rf.a2e4e60a76b3ccc00bfe63504dde51f9.jpg,diabetes
output_train\diabetes\d_-157-_jpg.rf.eaa8ad08019e6faf5da692bf4f441eb0.jpg,diabetes
output_train\diabetes\d_-158-_jpg.rf.0d1629fedd60e66a49007466deddb5e3.jpg,diabetes
output_train\diabetes\d_-158-_jpg.rf.2f86d686b2b643ddea50bf6b83176363.jpg,diabetes
output_train\diabetes\d_-158-_jpg.rf.a74c203956b6dd8fa6a84ef8478adba6.jpg,diabetes
output_train\diabetes\d_-159-_jpg.rf.98af94ae7dc19833931413df0d9d69c2.jpg,diabetes
output_train\diabetes\d_-159-_jpg.rf.ddf5b41474cca4afa9ccba20384f3968.jpg,diabetes
output_train\diabetes\d_-159-_jpg.rf.e4ff53ddf571cdb9bb8e57c090732b38.jpg,diabetes
output_train\diabetes\d_-160-_jpg.rf.30d45b9f3ea6e31962d8cc05ea939855.jpg,diabetes
output_train\diabetes\d_-160-_jpg.rf.3196c2396ed12b8560f5e1fd8806bd54.jpg,diabetes
output_train\diabetes\d_-160-_jpg.rf.701354777318a4ad740b7e6af0da4484.jpg,diabetes
output_train\diabetes\d_-161-_jpg.rf.757a4177df9013fed963caafab20db12.jpg,diabetes
output_train\diabetes\d_-161-_jpg.rf.be62922b972f9ccf05435dcf22dad7fe.jpg,diabetes
output_train\diabetes\d_-161-_jpg.rf.e653981eea5118139a292ee6c34161cf.jpg,diabetes
output_train\diabetes\d_-162-_jpg.rf.1c8c4c2558f0bea402b34ffd66f54ae1.jpg,diabetes
output_train\diabetes\d_-162-_jpg.rf.2b22da03a8f1817e7d537a670f97b628.jpg,diabetes
output_train\diabetes\d_-162-_jpg.rf.eb215812e547d8915e081b03cafd6486.jpg,diabetes
output_train\diabetes\d_-163-_jpg.rf.a2a6c60f89bbc2f431c2489fdb97d2cf.jpg,diabetes
output_train\diabetes\d_-163-_jpg.rf.a596a796b6a33e6c4ce18f0dc9484537.jpg,diabetes
output_train\diabetes\d_-163-_jpg.rf.d7031935d16c3eba569d7abd7b468bc6.jpg,diabetes
output_train\diabetes\d_-165-_jpg.rf.35928c371b388e723d77c5cabf52bbda.jpg,diabetes
output_train\diabetes\d_-165-_jpg.rf.624ceb2527b47d5da6b4a44e149afa0a.jpg,diabetes
output_train\diabetes\d_-165-_jpg.rf.cc5fe298172c7be2acaeb94b0459798d.jpg,diabetes
output_train\diabetes\d_-166-_jpg.rf.19630753cd5aa40ac010148eb950da36.jpg,diabetes
output_train\diabetes\d_-166-_jpg.rf.6d1848b9868dd31ebf0bd139f78abc97.jpg,diabetes
output_train\diabetes\d_-166-_jpg.rf.74916c223154094dae542fc8c92d0e2f.jpg,diabetes
output_train\diabetes\d_-167-_jpg.rf.0ebcfe6a85389247e2324352f1336c32.jpg,diabetes
output_train\diabetes\d_-167-_jpg.rf.4b6abe2cc2fa7ed71b63a5ef85ddf7c7.jpg,diabetes
output_train\diabetes\d_-167-_jpg.rf.d7fb5721c19bf5efbce2574c46655718.jpg,diabetes
output_train\diabetes\d_-169-_jpg.rf.8589da40a1bc307fab137049c5fd4ae7.jpg,diabetes
output_train\diabetes\d_-169-_jpg.rf.90808fad108af583cb222ea75417303c.jpg,diabetes
output_train\diabetes\d_-169-_jpg.rf.e422dcc5f435a3e6ca694581583cabf5.jpg,diabetes
output_train\diabetes\d_-170-_jpg.rf.46be7c0d09eba85f88f6ce26600d18c8.jpg,diabetes
output_train\diabetes\d_-170-_jpg.rf.a5705369030cc19e3773aa1b20d6c8f7.jpg,diabetes
output_train\diabetes\d_-170-_jpg.rf.d3cfb2f19bfde6786f4533960f6e3062.jpg,diabetes
output_train\diabetes\d_-171-_jpg.rf.027b6ca51ca8e269c98bb99b5387e932.jpg,diabetes
output_train\diabetes\d_-171-_jpg.rf.0ab4f8c35b013cbb4dc743fc3fccd8dd.jpg,diabetes
output_train\diabetes\d_-171-_jpg.rf.d8177d4e1cbf0bd4197dda995ef674c2.jpg,diabetes
output_train\diabetes\d_-172-_jpg.rf.0b2e8baf3089f44afb54bd1571f7f3c4.jpg,diabetes
output_train\diabetes\d_-172-_jpg.rf.81d8e2aa4608491e81776e17fbfee1d0.jpg,diabetes
output_train\diabetes\d_-172-_jpg.rf.a99841d8b62ab84072e130e0371d9e38.jpg,diabetes
output_train\diabetes\d_-174-_jpg.rf.0e6947693c290f96b8898269ea53ee81.jpg,diabetes
output_train\diabetes\d_-174-_jpg.rf.58e5a69dfadd830f96cdb43e349d5552.jpg,diabetes
output_train\diabetes\d_-174-_jpg.rf.8511969cb7af2a002200326bb76eb5dc.jpg,diabetes
output_train\diabetes\d_-175-_jpg.rf.5a833fdf87a4e7e831878172a5d344a8.jpg,diabetes
output_train\diabetes\d_-175-_jpg.rf.813aee0b3e279709e4947966308f55f6.jpg,diabetes
output_train\diabetes\d_-175-_jpg.rf.aac3338788645b21703588fc77383476.jpg,diabetes
output_train\diabetes\d_-175-_jpg.rf.b215c63c142a473ad8cf0eca0fdbb957.jpg,diabetes
output_train\diabetes\d_-175-_jpg.rf.eab6818ef92ce045853a88de8bf08ca4.jpg,diabetes
output_train\diabetes\d_-175-_jpg.rf.eec2c81f426f525e904243756fb2732f.jpg,diabetes
output_train\diabetes\d_-176-_jpg.rf.18a1df60f53131444cb2cc783a0df422.jpg,diabetes
output_train\diabetes\d_-176-_jpg.rf.45bd57ab45613aea6f311ecd526779cb.jpg,diabetes
output_train\diabetes\d_-176-_jpg.rf.5146968d2ba255e002d45844da39f969.jpg,diabetes
output_train\diabetes\d_-177-_jpg.rf.0f0782f510213a606bcd3edc83747b07.jpg,diabetes
output_train\diabetes\d_-177-_jpg.rf.26dba3c7420c1a315cb93d97a74e6789.jpg,diabetes
output_train\diabetes\d_-177-_jpg.rf.f1eb777125946fd33b3932425e0d710a.jpg,diabetes
output_train\diabetes\d_-178-_jpg.rf.0686eb992a19500a38e9379a738f561b.jpg,diabetes
output_train\diabetes\d_-178-_jpg.rf.39f68c8b0b5c6f6664e857adb032e344.jpg,diabetes
output_train\diabetes\d_-178-_jpg.rf.77423df625816cda7db85e5ee51616f5.jpg,diabetes
output_train\diabetes\d_-179-_jpg.rf.9cfc04fac10aab5ca4e31b69dd5ec8ba.jpg,diabetes
output_train\diabetes\d_-179-_jpg.rf.ba9e9ae3c3e55ea7ebe49804f65ee323.jpg,diabetes
output_train\diabetes\d_-179-_jpg.rf.db173444ed8ace8c44fa1dbaf18bfd80.jpg,diabetes
output_train\diabetes\d_-180-_jpg.rf.a8a41df56397193080aefc554225aadf.jpg,diabetes
output_train\diabetes\d_-181-_jpg.rf.45c9071f080cf3ac30a0560212e288fb.jpg,diabetes
output_train\diabetes\d_-184-_jpg.rf.1662f64a6e508c0ab30d3315619da188.jpg,diabetes
output_train\diabetes\d_-185-_jpg.rf.9fae9424de8d969a4314642d8fcd5dda.jpg,diabetes
output_train\diabetes\d_-185-_jpg.rf.a6bb3a89618674f76bcafaf6cc4b6d60.jpg,diabetes
output_train\diabetes\d_-185-_jpg.rf.f1ff68562a229a80fbc9d7218ff4fa3c.jpg,diabetes
output_train\diabetes\d_-186-_jpg.rf.cb0dedc203afe78b2ca68081f8153b1c.jpg,diabetes
output_train\diabetes\d_-186-_jpg.rf.d4a2b7b87da485b7a174756863b90031.jpg,diabetes
output_train\diabetes\d_-186-_jpg.rf.f6e2fb81ac688b61bf179a8934bdae75.jpg,diabetes
output_train\diabetes\d_-189-_jpg.rf.10b8b1ecc6398922ce1fb7fada148914.jpg,diabetes
output_train\diabetes\d_-189-_jpg.rf.bf4441b0a240c28499ff5ff31442e18b.jpg,diabetes
output_train\diabetes\d_-189-_jpg.rf.e567d3b4649cc54e5d160a0121aa3979.jpg,diabetes
output_train\diabetes\d_-190-_jpg.rf.2192463b6686f18c9b4acc0824c095e0.jpg,diabetes
output_train\diabetes\d_-190-_jpg.rf.d1e59ed79880e16399f4c55808d85186.jpg,diabetes
output_train\diabetes\d_-190-_jpg.rf.f0d7510e161fc0c862b1561c32a0e063.jpg,diabetes
output_train\diabetes\d_-192-_jpg.rf.0a3c5486ad992679ef7d93f170281bb6.jpg,diabetes
output_train\diabetes\d_-192-_jpg.rf.1e807cc05325e915d12f465916dc9794.jpg,diabetes
output_train\diabetes\d_-192-_jpg.rf.42fb06b57144a2a58cdc80d042e498fc.jpg,diabetes
output_train\diabetes\d_-193-_jpg.rf.1be7b8605b88187f4de9b46c643bbfa2.jpg,diabetes
output_train\diabetes\d_-193-_jpg.rf.407a12480f0f572c89588753378cefb4.jpg,diabetes
output_train\diabetes\d_-193-_jpg.rf.a38d1f152ec375b0002514058a6ccaae.jpg,diabetes
output_train\diabetes\d_-194-_jpg.rf.4eb8e300fd9883a77e36372786373b8a.jpg,diabetes
output_train\diabetes\d_-194-_jpg.rf.bc0375d4e1cca3682607811672ad914b.jpg,diabetes
output_train\diabetes\d_-194-_jpg.rf.f24ad75aad4654ffeb5ba4873263f8d7.jpg,diabetes
output_train\diabetes\d_-195-_jpg.rf.250da307207a87e67d6400eb2941dedc.jpg,diabetes
output_train\diabetes\d_-196-_jpg.rf.01751ca4b1e4b08bcd60d1a80b7d9242.jpg,diabetes
output_train\diabetes\d_-196-_jpg.rf.d19b1de5336e43dc31833af0e902ac5d.jpg,diabetes
output_train\diabetes\d_-196-_jpg.rf.df2d71d204332c7d42d698539eb59c1f.jpg,diabetes
output_train\diabetes\d_-199-_jpg.rf.5d6051828b0f4f56aad0cc48ddd8d744.jpg,diabetes
output_train\diabetes\d_-199-_jpg.rf.8f4a929b03c0899b989188912efd945e.jpg,diabetes
output_train\diabetes\d_-199-_jpg.rf.b6f47f87144a886e7e297154c5e729b2.jpg,diabetes
output_train\diabetes\d_-200-_jpg.rf.309175a254c7ac3e853070ceb19d5c9b.jpg,diabetes
output_train\diabetes\d_-200-_jpg.rf.45fc2d45e6d3294a8324d942b24ff34e.jpg,diabetes
output_train\diabetes\d_-200-_jpg.rf.ac9c90e6cdefe31a2c2def10bdc7d635.jpg,diabetes
output_train\diabetes\d_-201-_jpg.rf.4b6f60822c3ead4b69ce751d65dbd94a.jpg,diabetes
output_train\diabetes\d_-204-_jpg.rf.11c99d0c162fca52746f6090a99aab69.jpg,diabetes
output_train\diabetes\d_-204-_jpg.rf.3573d97cd9e92afd100f7f442cf87a9f.jpg,diabetes
output_train\diabetes\d_-204-_jpg.rf.c16f217ec6618ed9d8ff4260ac7b8e54.jpg,diabetes
output_train\diabetes\d_-206-_jpg.rf.558862bccfd910c45f6d9af0d39cf2a7.jpg,diabetes
output_train\diabetes\d_-206-_jpg.rf.9cb275cb118ee131003fa6542d6ee635.jpg,diabetes
output_train\diabetes\d_-206-_jpg.rf.bc4603fe1b7cdc77e9f291b74210fe81.jpg,diabetes
output_train\diabetes\d_-208-_jpg.rf.3fdf923e96021be36486d778c20cda44.jpg,diabetes
output_train\diabetes\d_-208-_jpg.rf.c6ad866f522c73addf6108aa7987c6bf.jpg,diabetes
output_train\diabetes\d_-208-_jpg.rf.db5cceca284d52c785cb68b873fba5e9.jpg,diabetes
output_train\diabetes\d_-209-_jpg.rf.8dc61eca8585207afdd4827a3a2f1eba.jpg,diabetes
output_train\diabetes\d_-211-_jpg.rf.52db655daa115f87ba42c69cf68897a2.jpg,diabetes
output_train\diabetes\d_-211-_jpg.rf.9eed0ed6b621bba3bf2b21eb894c3c8a.jpg,diabetes
output_train\diabetes\d_-211-_jpg.rf.a622ef778dd3e4e1ed220d9087bf783e.jpg,diabetes
output_train\diabetes\d_-212-_jpg.rf.7bba5731482ccb657abc51253cef8d62.jpg,diabetes
output_train\diabetes\d_-212-_jpg.rf.87b7eb0233cd06df1030dc3f79a500d1.jpg,diabetes
output_train\diabetes\d_-212-_jpg.rf.e8dca3e25030db21d1514991d06a95b6.jpg,diabetes
output_train\diabetes\d_-213-_jpg.rf.1b3f2eec8e20c93ebc1f5d6dcdf71dbb.jpg,diabetes
output_train\diabetes\d_-213-_jpg.rf.27a2f571b0246d284f85d43ef47894ce.jpg,diabetes
output_train\diabetes\d_-213-_jpg.rf.2b263c1a085e5697d894917af4b7e357.jpg,diabetes
output_train\diabetes\d_-214-_jpg.rf.0ae3c6cae0e422ed665bafd91d0a2e51.jpg,diabetes
output_train\diabetes\d_-214-_jpg.rf.33fb8112a24f0a7b049ff755804e9ab2.jpg,diabetes
output_train\diabetes\d_-214-_jpg.rf.5fd3d7627d788521cbc3523019082439.jpg,diabetes
output_train\diabetes\d_-215-_jpg.rf.450bc5a5dc65e0f7bf30ff44f168b4cb.jpg,diabetes
output_train\diabetes\d_-217-_jpg.rf.95e63b33a45e22ba2305468fa1b6b97f.jpg,diabetes
output_train\diabetes\d_-220-_jpg.rf.57ae0ab32a3f4941b8a841003380d215.jpg,diabetes
output_train\diabetes\d_-220-_jpg.rf.db20ea67775ae0207dca9266e0a00837.jpg,diabetes
output_train\diabetes\d_-220-_jpg.rf.db8bc83557ed89645a6dd04b566caa3e.jpg,diabetes
output_train\diabetes\d_-221-_jpg.rf.98daaed661d8ec9ad419c9d8621b34fa.jpg,diabetes
output_train\diabetes\d_-221-_jpg.rf.a14e0a6a3423f49069ba6f49e7a80167.jpg,diabetes
output_train\diabetes\d_-221-_jpg.rf.a54b6e9304fafcd89a41851a368e430a.jpg,diabetes
output_train\diabetes\d_-226-_jpg.rf.32266fab98965079b61e74cbb98340aa.jpg,diabetes
output_train\diabetes\d_-226-_jpg.rf.3d4ae15037571010f1dec31e1e77f830.jpg,diabetes
output_train\diabetes\d_-226-_jpg.rf.90b1f86a8bd6e1f972c4db8540320bd5.jpg,diabetes
output_train\diabetes\d_-227-_jpg.rf.0f5e27075a237b69c6695254749034fc.jpg,diabetes
output_train\diabetes\d_-227-_jpg.rf.4d9d7454cbbf0e38db4f36d8363eb48c.jpg,diabetes
output_train\diabetes\d_-227-_jpg.rf.e0ba10383fe404713c67cca96db87451.jpg,diabetes
output_train\diabetes\d_-228-_jpg.rf.066b0e5b409054d9971b04fb1cbf5905.jpg,diabetes
output_train\diabetes\d_-228-_jpg.rf.c6b207adaa6c00aca8154c25a5922fb9.jpg,diabetes
output_train\diabetes\d_-228-_jpg.rf.eac786f305c12a3b82062e8d59f8ebee.jpg,diabetes
output_train\diabetes\d_-229-_jpg.rf.6682ebc1d13377580752ba099b234f2f.jpg,diabetes
output_train\diabetes\d_-229-_jpg.rf.8fd4a327a3c6c94368e7eac3c3df2480.jpg,diabetes
output_train\diabetes\d_-229-_jpg.rf.a25cf4ec5a7aa33000aad7debb2ccd53.jpg,diabetes
output_train\diabetes\d_-232-_jpg.rf.77e58b5b87e002d4654730daa0f6a38e.jpg,diabetes
output_train\diabetes\d_-232-_jpg.rf.c287fe2b83b4359f604354a45ee4d963.jpg,diabetes
output_train\diabetes\d_-232-_jpg.rf.d6e0adaf84e5aae88f28824a958cb5a0.jpg,diabetes
output_train\diabetes\d_-233-_jpg.rf.0211e567a36aa095f1d991ed08b50c23.jpg,diabetes
output_train\diabetes\d_-233-_jpg.rf.7a9e7e1a50f12fd67fcfcdf2d51b2ff2.jpg,diabetes
output_train\diabetes\d_-233-_jpg.rf.ef1a7c1a66d873adeecba7dae7a30578.jpg,diabetes
output_train\diabetes\d_-234-_jpg.rf.28268285ee1d60bf39fa52c75a6d244b.jpg,diabetes
output_train\diabetes\d_-234-_jpg.rf.55fea4b1c82d2ad55bba2f071d72f719.jpg,diabetes
output_train\diabetes\d_-234-_jpg.rf.77deb308c5c03556d7f4e5d80b509e84.jpg,diabetes
output_train\diabetes\d_-236-_jpg.rf.1ad5ed1d4452155ffd437b9934eabae9.jpg,diabetes
output_train\diabetes\d_-236-_jpg.rf.8881c7d4eb268cf493f96be43cb6aec5.jpg,diabetes
output_train\diabetes\d_-236-_jpg.rf.c03caad7d7c08627794bdecd3e1faf3b.jpg,diabetes
output_train\diabetes\d_-237-_jpg.rf.367861e4889467a8d527abb08333f4ec.jpg,diabetes
output_train\diabetes\d_-237-_jpg.rf.6d4d0d3a7c1275b1bd4893044cadad0e.jpg,diabetes
output_train\diabetes\d_-237-_jpg.rf.d9d6afa717648acc530be2ee5f6e1992.jpg,diabetes
output_train\diabetes\d_-238-_jpg.rf.46a21f2a62e6d9d9edc27b07d0c69b4c.jpg,diabetes
output_train\diabetes\d_-238-_jpg.rf.905c5a3309671a01c584db057c790b1a.jpg,diabetes
output_train\diabetes\d_-238-_jpg.rf.ef56a36623f4e1d3db56e261508c2d49.jpg,diabetes
output_train\diabetes\d_-239-_jpg.rf.23e322918571061f64ddef25d1b19b2c.jpg,diabetes
output_train\diabetes\d_-239-_jpg.rf.5c71a2274a2acd97249edeea046ffb2a.jpg,diabetes
output_train\diabetes\d_-239-_jpg.rf.94c6ff336f94544174274a213499d7ac.jpg,diabetes
output_train\diabetes\d_-240-_jpg.rf.13f603ee7ccf1f97b4d0d634039feebb.jpg,diabetes
output_train\diabetes\d_-240-_jpg.rf.9a2eda041b483c86704603e005b1880b.jpg,diabetes
output_train\diabetes\d_-240-_jpg.rf.b91d6cc422ce4419401d5d8e365eb76e.jpg,diabetes
output_train\diabetes\d_-241-_jpg.rf.729c98d69abb8fe6c2f39499a47a62f4.jpg,diabetes
output_train\diabetes\d_-241-_jpg.rf.8d2455f6fc622e99c6a3c7cc4360c08c.jpg,diabetes
output_train\diabetes\d_-241-_jpg.rf.e49107027d2a6c20cf4bbb3fb040895f.jpg,diabetes
output_train\diabetes\d_-242-_jpg.rf.a6191f62db18eb38d93bae25dcfb1f05.jpg,diabetes
output_train\diabetes\d_-243-_jpg.rf.58cb37023a044dced1d2c889dd4fa1f6.jpg,diabetes
output_train\diabetes\d_-243-_jpg.rf.bd302d953bfc6175ad7185ee889c07ad.jpg,diabetes
output_train\diabetes\d_-243-_jpg.rf.f0419be9f5c8a47e0cd41129c0844f96.jpg,diabetes
output_train\diabetes\d_-244-_jpg.rf.3650ef6268726c0b8bc1d085a1f76ff7.jpg,diabetes
output_train\diabetes\d_-246-_jpg.rf.16120d78944940e69a6c450b42313582.jpg,diabetes
output_train\diabetes\d_-247-_jpg.rf.0d3e6620471652b2e03339e821353e17.jpg,diabetes
output_train\diabetes\d_-248-_jpg.rf.3f8df689d1f636db18f7889b03602e97.jpg,diabetes
output_train\diabetes\d_-248-_jpg.rf.a7182c9c33f74a1b88b50b8300d78af3.jpg,diabetes
output_train\diabetes\d_-248-_jpg.rf.c6a8c4881fff9999e34e2d0ec1fda3e6.jpg,diabetes
output_train\diabetes\d_-249-_jpg.rf.95b0a6b0aef220134b827bcf2e1a5922.jpg,diabetes
output_train\diabetes\d_-250-_jpg.rf.4bde3bf13463a5f4db486c9b3d1885f5.jpg,diabetes
output_train\diabetes\d_-250-_jpg.rf.b6d9a7b6983643ed1ee21f59c2a3f1d3.jpg,diabetes
output_train\diabetes\d_-250-_jpg.rf.eba4e4fb0ff29afd96aed08e9b0a4397.jpg,diabetes
output_train\diabetes\d_-26-_jpg.rf.0e8d499a875a7a66644ccc4e2dd607d2.jpg,diabetes
output_train\diabetes\d_-26-_jpg.rf.6dd79bf550c556640df036421fa66a6e.jpg,diabetes
output_train\diabetes\d_-26-_jpg.rf.f879928ff1eb3a8e48e20519ee8615d7.jpg,diabetes
output_train\diabetes\d_-27-_jpg.rf.912dc12f79a17db3671c2a444a0fcd9d.jpg,diabetes
output_train\diabetes\d_-29-_jpg.rf.1803c8a5fc762544ed60c83c7d1d4cb0.jpg,diabetes
output_train\diabetes\d_-29-_jpg.rf.4a368ba7ed453a1443d4e5373eb4fa5b.jpg,diabetes
output_train\diabetes\d_-29-_jpg.rf.963cd7b31524f8deee8f7c795ad7a2b0.jpg,diabetes
output_train\diabetes\d_-29-_jpg.rf.ca5b773a1e9239bbc88003cf86306229.jpg,diabetes
output_train\diabetes\d_-29-_jpg.rf.df6a6d5afaffba6e621b1a6f35220503.jpg,diabetes
output_train\diabetes\d_-29-_jpg.rf.f08b4b317e592097964c5d970768b8bd.jpg,diabetes
output_train\diabetes\d_-30-_jpg.rf.06cf98f641d572d02dc0524cf1e9d97e.jpg,diabetes
output_train\diabetes\d_-32-_jpg.rf.8209d6459984ba972180466cc3b58d4a.jpg,diabetes
output_train\diabetes\d_-32-_jpg.rf.d2e11c72089328f0203d89842e63d579.jpg,diabetes
output_train\diabetes\d_-32-_jpg.rf.e54dfa43e005f7f1481bcff9957bc100.jpg,diabetes
output_train\diabetes\d_-34-_jpg.rf.96650b26f597527e6efb3f6917e2e9db.jpg,diabetes
output_train\diabetes\d_-36-_jpg.rf.7ca707d8ed97f06c8c3856228da12cbf.jpg,diabetes
output_train\diabetes\d_-36-_jpg.rf.8545e64ef6a154b1626eea78d675b540.jpg,diabetes
output_train\diabetes\d_-36-_jpg.rf.e4df2b71c944f1cc52d8b62606596373.jpg,diabetes
output_train\diabetes\d_-38-_jpg.rf.42b919e450e87ce3cb01f99cbd90328f.jpg,diabetes
output_train\diabetes\d_-38-_jpg.rf.4a11d8c2917871f1fc7717c857d81f77.jpg,diabetes
output_train\diabetes\d_-38-_jpg.rf.5613c85d58346a8169188c43ee0dafa5.jpg,diabetes
output_train\diabetes\d_-38-_jpg.rf.b78e81f39034f47cdc9c36eabba24f84.jpg,diabetes
output_train\diabetes\d_-39-_jpg.rf.74b885bfe8f1700916bbbe6fbbd9b152.jpg,diabetes
output_train\diabetes\d_-39-_jpg.rf.8d883a990c4a67d6606cadbc88e393ae.jpg,diabetes
output_train\diabetes\d_-39-_jpg.rf.a63380cbaf38518567ad66d7c06544f1.jpg,diabetes
output_train\diabetes\d_-40-_jpg.rf.0155f6fefa80f0e6cb0b4bd29535e4d1.jpg,diabetes
output_train\diabetes\d_-40-_jpg.rf.4bca637f92994e384053c379d42f6108.jpg,diabetes
output_train\diabetes\d_-40-_jpg.rf.a000525cfcd238bfad9afe4d2a14abaf.jpg,diabetes
output_train\diabetes\d_-40-_jpg.rf.c69c61054c77babcbcfde3acccc837a3.jpg,diabetes
output_train\diabetes\d_-40-_jpg.rf.e0a860a13bcbd190a82aa59991100bb1.jpg,diabetes
output_train\diabetes\d_-40-_jpg.rf.e3014cf6b3f4d50e24cad4d54c809d08.jpg,diabetes
output_train\diabetes\d_-42-Copy_jpg.rf.1656b5946784d91007075690bbb1920f.jpg,diabetes
output_train\diabetes\d_-42-Copy_jpg.rf.345153e7ec01ef8e37318e4d5d404d67.jpg,diabetes
output_train\diabetes\d_-42-Copy_jpg.rf.8f21255215582314d164e41dc40f604c.jpg,diabetes
output_train\diabetes\d_-42-_jpg.rf.4cf92327f7a8a7776c0517541215c504.jpg,diabetes
output_train\diabetes\d_-42-_jpg.rf.8d5ed04957503c16a8eb49e836f4cc84.jpg,diabetes
output_train\diabetes\d_-42-_jpg.rf.d0b7a4292e846e47c985dafa7cd982b9.jpg,diabetes
output_train\diabetes\d_-43-_jpg.rf.487c2d87a97130d776dd87c0a29d8ef5.jpg,diabetes
output_train\diabetes\d_-43-_jpg.rf.86f9580007b70018730a27acb151b765.jpg,diabetes
output_train\diabetes\d_-43-_jpg.rf.ea03481879364032852200cfed2333b1.jpg,diabetes
output_train\diabetes\d_-44-_jpg.rf.b4b45a30c841a36b1e4c3dc0a71db670.jpg,diabetes
output_train\diabetes\d_-45-_jpg.rf.27a5f4f606e2c74b4304e7cd8ac26789.jpg,diabetes
output_train\diabetes\d_-45-_jpg.rf.6eb8777d87c92addc47f3f4e4353ceac.jpg,diabetes
output_train\diabetes\d_-45-_jpg.rf.89fe3ccb15be1bdb753cb02e24c7ef91.jpg,diabetes
output_train\diabetes\d_-46-_jpg.rf.780928c43a4a6a3b558978a6fcf4c852.jpg,diabetes
output_train\diabetes\d_-46-_jpg.rf.96a5b36296578e2f3a2d3b8656762cd1.jpg,diabetes
output_train\diabetes\d_-46-_jpg.rf.fd20ba8c2e0989bda59344606cf5fef5.jpg,diabetes
output_train\diabetes\d_-47-_jpg.rf.102b5d0c901238247d16fded9eb089e2.jpg,diabetes
output_train\diabetes\d_-47-_jpg.rf.cf220239cf8eed4275c577ae92bc6424.jpg,diabetes
output_train\diabetes\d_-47-_jpg.rf.ea18c414573d263cfe2512cfadd12889.jpg,diabetes
output_train\diabetes\d_-48-_jpg.rf.646c36b4d8917d5bb18d5b736b49561d.jpg,diabetes
output_train\diabetes\d_-48-_jpg.rf.a75cd65a36417daecfdf2a1268c56431.jpg,diabetes
output_train\diabetes\d_-48-_jpg.rf.b3b4f1ec4b89d3be6bc35703bb4f4c24.jpg,diabetes
output_train\diabetes\d_-49-_jpg.rf.1d800c4b380975ee3a0fc7d0d19d045b.jpg,diabetes
output_train\diabetes\d_-49-_jpg.rf.4b1cebf6934d9a27b53b629ef58851f9.jpg,diabetes
output_train\diabetes\d_-49-_jpg.rf.9793f72e9efe697d46223c5a70a0389f.jpg,diabetes
output_train\diabetes\d_-52-_jpg.rf.1ed693c25b950861eb9b850d047665a3.jpg,diabetes
output_train\diabetes\d_-52-_jpg.rf.6ad2dbf4c83832831e8053d3af7aa33e.jpg,diabetes
output_train\diabetes\d_-52-_jpg.rf.6c8b4692afb7d60fa1b7e918841731cb.jpg,diabetes
output_train\diabetes\d_-52-_jpg.rf.a8bdb420234cc70d958e02f2d883040d.jpg,diabetes
output_train\diabetes\d_-54-_jpg.rf.0ecf072b9afee75c2344fd46e8103316.jpg,diabetes
output_train\diabetes\d_-54-_jpg.rf.190ca75339cc547bd23b1f0df27c2433.jpg,diabetes
output_train\diabetes\d_-54-_jpg.rf.e4673f76d3defd5fc5eaaa15471c599f.jpg,diabetes
output_train\diabetes\d_-55-_jpg.rf.16f223e276ff91eae88e1a374a54edc9.jpg,diabetes
output_train\diabetes\d_-55-_jpg.rf.4a46f303bce329f2627cb5d23ca58a04.jpg,diabetes
output_train\diabetes\d_-55-_jpg.rf.511e3544544b2ff6722fa9b2daca3e7d.jpg,diabetes
output_train\diabetes\d_-55-_jpg.rf.b2a956b1ac98c7eb9593f01de30099ae.jpg,diabetes
output_train\diabetes\d_-55-_jpg.rf.b3c93b9f8b409599c451652131291e14.jpg,diabetes
output_train\diabetes\d_-55-_jpg.rf.c48f93848726e5a33698146f549e5a40.jpg,diabetes
output_train\diabetes\d_-58-_jpg.rf.79d3194a24e35fc8e9297065bd826c5c.jpg,diabetes
output_train\diabetes\d_-59-_jpg.rf.3c2ce3f77e2d1fe8a93216d749e8a08c.jpg,diabetes
output_train\diabetes\d_-59-_jpg.rf.bc6c9e94e283ad525abef8324a27e6a3.jpg,diabetes
output_train\diabetes\d_-59-_jpg.rf.bd6228dd336b7cbb2a0a5d0513e061a7.jpg,diabetes
output_train\diabetes\d_-60-_jpg.rf.80437f69c277bf70d510bc8940937867.jpg,diabetes
output_train\diabetes\d_-61-_jpg.rf.2dc1f1d935f32d5da5fc5c6f045bc347.jpg,diabetes
output_train\diabetes\d_-61-_jpg.rf.641944c9f0075b9d2370e57279e81aac.jpg,diabetes
output_train\diabetes\d_-61-_jpg.rf.8bda49b964d3178e30f14df301faff26.jpg,diabetes
output_train\diabetes\d_-62-_jpg.rf.421d08d182759d36d18a7245050efc89.jpg,diabetes
output_train\diabetes\d_-62-_jpg.rf.448498482e20b9492efab5102f7460f7.jpg,diabetes
output_train\diabetes\d_-62-_jpg.rf.b46f3ce6dcb53f30cb78fbaf541b48ad.jpg,diabetes
output_train\diabetes\d_-63-_jpg.rf.394915294fea06514aabd7f3b31cba98.jpg,diabetes
output_train\diabetes\d_-67-_jpg.rf.3b46b48f706da182578e4ff0099bd1c4.jpg,diabetes
output_train\diabetes\d_-67-_jpg.rf.b565e944a57ccc4e2489aa993fb6b4d4.jpg,diabetes
output_train\diabetes\d_-67-_jpg.rf.dec70232be531df4af1460dfb5ab00b7.jpg,diabetes
output_train\diabetes\d_-68-_jpg.rf.0ac70e86b304760412633f3a53e32c2b.jpg,diabetes
output_train\diabetes\d_-68-_jpg.rf.5c6f17a2ff9ed86e61e4f4fe90e4ce94.jpg,diabetes
output_train\diabetes\d_-68-_jpg.rf.ec605b19a7f5d38829865af3621436bc.jpg,diabetes
output_train\diabetes\d_-69-_jpg.rf.3dffbb36bde0037e075d682e67a87b7d.jpg,diabetes
output_train\diabetes\d_-69-_jpg.rf.5541b662bb585000a8772ec6e05e70d7.jpg,diabetes
output_train\diabetes\d_-69-_jpg.rf.6f1a16d1bd3b169ba781185f92023c52.jpg,diabetes
output_train\diabetes\d_-70-_jpg.rf.59698c102b6e10418e75959529d9a3a8.jpg,diabetes
output_train\diabetes\d_-70-_jpg.rf.7fbb1429138025da2239eac62c255693.jpg,diabetes
output_train\diabetes\d_-70-_jpg.rf.b8a752075abb22e65c87ee7c798e52cf.jpg,diabetes
output_train\diabetes\d_-72-_jpg.rf.266a9b7c43bd7d3f9e6a29d1757c138c.jpg,diabetes
output_train\diabetes\d_-72-_jpg.rf.5730ac3c58a66228690d98b20d621346.jpg,diabetes
output_train\diabetes\d_-72-_jpg.rf.57d587443afcfdcc4ac859a923b4f516.jpg,diabetes
output_train\diabetes\d_-74-_jpg.rf.3d6978f55739224547859eddc2a3c460.jpg,diabetes
output_train\diabetes\d_-74-_jpg.rf.69eab12adf86bfcb4bfa934738a71e7c.jpg,diabetes
output_train\diabetes\d_-74-_jpg.rf.98058984d4da29fb4bbb385342c85d7e.jpg,diabetes
output_train\diabetes\d_-75-_jpg.rf.bf7611a8dcebdb7f627fd140417a18a9.jpg,diabetes
output_train\diabetes\d_-77-_jpg.rf.1e498912064e36bec3e08a846ee2a9bf.jpg,diabetes
output_train\diabetes\d_-77-_jpg.rf.20f6d4c88d39fc8f1666dffb4102fd07.jpg,diabetes
output_train\diabetes\d_-77-_jpg.rf.7bf21e2b2402522b9679223b00b03a9d.jpg,diabetes
output_train\diabetes\d_-78-_jpg.rf.52c1ff3be295223b628185e1061d3dbf.jpg,diabetes
output_train\diabetes\d_-78-_jpg.rf.6b3308995149b9d86567571c92d3a11d.jpg,diabetes
output_train\diabetes\d_-78-_jpg.rf.b56bc6a5acc5630876b109443ed5d220.jpg,diabetes
output_train\diabetes\d_-78-_jpg.rf.f0b9759303724dd067af9de042add7b9.jpg,diabetes
output_train\diabetes\d_-79-_jpg.rf.c66a8ef77151d305e254de560ad59244.jpg,diabetes
output_train\diabetes\d_-79-_jpg.rf.dd021fadbd23e6571c56db12b49493a6.jpg,diabetes
output_train\diabetes\d_-79-_jpg.rf.df0032290110f402f92cd549046b8f15.jpg,diabetes
output_train\diabetes\d_-81-_jpg.rf.048fa622592c02ed5a05372f9b815041.jpg,diabetes
output_train\diabetes\d_-81-_jpg.rf.5d74ab3229eb6553459495f8077b98a1.jpg,diabetes
output_train\diabetes\d_-81-_jpg.rf.c7f1fcb3493c2239a80dd0c801be86f5.jpg,diabetes
output_train\diabetes\d_-82-_jpg.rf.ed8eaf4c6c8127c901714d8f8cb02abe.jpg,diabetes
output_train\diabetes\d_-83-_jpg.rf.0ca8e6a485c47af97f228a992d04f75d.jpg,diabetes
output_train\diabetes\d_-83-_jpg.rf.2e5d3814c5482c1b496006f1c9d72405.jpg,diabetes
output_train\diabetes\d_-83-_jpg.rf.4d2f468355fa99b79eb0c10a95584381.jpg,diabetes
output_train\diabetes\d_-83-_jpg.rf.73d0201035a5034c82c28822a9c88a41.jpg,diabetes
output_train\diabetes\d_-83-_jpg.rf.7628eb4f4a48a42e1eba037e2a602500.jpg,diabetes
output_train\diabetes\d_-83-_jpg.rf.b0f641a74bb3589192a4a9740b74e151.jpg,diabetes
output_train\diabetes\d_-84-_jpg.rf.17b91944b1e1aa3d9d222785b48c7e8d.jpg,diabetes
output_train\diabetes\d_-84-_jpg.rf.5cf106a94b5a7b766ffca8893a7f22b6.jpg,diabetes
output_train\diabetes\d_-84-_jpg.rf.9bef68dd6bacf4683ffcba25c0573787.jpg,diabetes
output_train\diabetes\d_-85-_jpg.rf.1d76a3228967d8f89bbf4e61d8b7ed8a.jpg,diabetes
output_train\diabetes\d_-85-_jpg.rf.5b35d53d2a36c13eec627a9a135c2265.jpg,diabetes
output_train\diabetes\d_-85-_jpg.rf.9a8e6bae0ffd70e15410795e6def0fb0.jpg,diabetes
output_train\diabetes\d_-86-_jpg.rf.6648f78d9990b11f91a1e90655464ebb.jpg,diabetes
output_train\diabetes\d_-86-_jpg.rf.711fdb9d8345e734713cb8be3dc6f210.jpg,diabetes
output_train\diabetes\d_-86-_jpg.rf.c3978880c2fd94129c7b5c10f3f37c97.jpg,diabetes
output_train\diabetes\d_-86-_jpg.rf.ed48b9976bbfe45cc81ca57245634ebd.jpg,diabetes
output_train\diabetes\d_-88-_jpg.rf.2529e4ba64827f65aeecee20553bacc1.jpg,diabetes
output_train\diabetes\d_-88-_jpg.rf.b6c9782b6c662d65dc9615c3053a57de.jpg,diabetes
output_train\diabetes\d_-88-_jpg.rf.c4926e7d1408b92a6b389c3830723d0f.jpg,diabetes
output_train\diabetes\d_-89-_jpg.rf.4a31d32723405deeeb641ffe6587aa42.jpg,diabetes
output_train\diabetes\d_-89-_jpg.rf.7ef1d281c9cbc243b7aecb4d1692624b.jpg,diabetes
output_train\diabetes\d_-89-_jpg.rf.96968dbf61dcdb965721b8c18db289b3.jpg,diabetes
output_train\diabetes\d_-89-_jpg.rf.c3c4c98726bfa838a6fd13f43caebd89.jpg,diabetes
output_train\diabetes\d_-90-_jpg.rf.731c932407d2be690dd301ac88211362.jpg,diabetes
output_train\diabetes\d_-90-_jpg.rf.74b439e5fe4762404fb526d8d4e61703.jpg,diabetes
output_train\diabetes\d_-90-_jpg.rf.876b1d9a389133e7f2517eca736cf6df.jpg,diabetes
output_train\diabetes\d_-91-_jpg.rf.3eb88993f2e73cdcf5ec6c8e478d03f7.jpg,diabetes
output_train\diabetes\d_-91-_jpg.rf.66f551068a868ee110d48141cb77790c.jpg,diabetes
output_train\diabetes\d_-91-_jpg.rf.a06d360828895548b2d2eceb34b04070.jpg,diabetes
output_train\diabetes\d_-92-_jpg.rf.52fb9afa84cbd21e2a06c84b22c80adf.jpg,diabetes
output_train\diabetes\d_-92-_jpg.rf.876a5d3af45382af402bd81118717b31.jpg,diabetes
output_train\diabetes\d_-92-_jpg.rf.fc098abcf55e0c7f57fe4fe465f084f3.jpg,diabetes
output_train\diabetes\d_-93-_jpg.rf.62e8a8d09349c92334b8dd6e61e64ec4.jpg,diabetes
output_train\diabetes\d_-93-_jpg.rf.6972c34f5dfb89b922b3e46636d5eeca.jpg,diabetes
output_train\diabetes\d_-93-_jpg.rf.7541f66e50a36cd1ee430370362d4c31.jpg,diabetes
output_train\diabetes\d_-94-_jpg.rf.2309fa29a1588b72cb39350e2e4478bf.jpg,diabetes
output_train\diabetes\d_-98-_jpg.rf.59a026a03e075adc9a69040cd0d610fd.jpg,diabetes
output_train\diabetes\d_-99-_jpg.rf.39a4a26d63218f38e8898811bf9712ed.jpg,diabetes
output_train\diabetes\d_-99-_jpg.rf.3dd924ee120743fad4c830a9ea7f3419.jpg,diabetes
output_train\diabetes\d_-99-_jpg.rf.aedfa8d8c984f6e6c9703c72fa845fef.jpg,diabetes
output_train\diabetes\Screenshot_10_jpg.rf.6c24b03ac49ad924f68ee25b5c980d2a.jpg,diabetes
output_train\diabetes\Screenshot_3_jpg.rf.1303ceceb2b9b83d7b4b684852bef93f.jpg,diabetes
output_train\diabetes\Screenshot_3_jpg.rf.a48fe03450879bf61474d1e2d28951ee.jpg,diabetes
output_train\diabetes\Screenshot_3_jpg.rf.b223093049b465eb97a6439b50c05b44.jpg,diabetes
output_train\non_diabetes\nd_-100-_jpg.rf.29ddcbe1b6cffba2b97a6d66677ad553.jpg,no_diabetes
output_train\non_diabetes\nd_-100-_jpg.rf.8eecb63ee367480b37b18d8bca429216.jpg,no_diabetes
output_train\non_diabetes\nd_-100-_jpg.rf.b6b6063087c20c3784fa1d3e4a6e0d67.jpg,no_diabetes
output_train\non_diabetes\nd_-101-_jpg.rf.83c232639bec25e03909cc9b84a68bd2.jpg,no_diabetes
output_train\non_diabetes\nd_-103-_jpg.rf.8a6cae289553be5bf33d4dba06658e96.jpg,no_diabetes
output_train\non_diabetes\nd_-104-_jpg.rf.41f519b485802ce8c623c5cad468c6af.jpg,no_diabetes
output_train\non_diabetes\nd_-104-_jpg.rf.ab481d5fb8e4fa746a621f3d45cf9425.jpg,no_diabetes
output_train\non_diabetes\nd_-104-_jpg.rf.ca735e08e46fcda5798bf50a68909ef7.jpg,no_diabetes
output_train\non_diabetes\nd_-105-_jpg.rf.0712c331028f76f2d57cd8acb14ecd22.jpg,no_diabetes
output_train\non_diabetes\nd_-105-_jpg.rf.56a88bf09aa14aaa95cbc49ee6c47739.jpg,no_diabetes
output_train\non_diabetes\nd_-105-_jpg.rf.7897be7012eefcd6500068876f41de13.jpg,no_diabetes
output_train\non_diabetes\nd_-106-_jpg.rf.316d7153b76b29b81a89f89c81cfda97.jpg,no_diabetes
output_train\non_diabetes\nd_-106-_jpg.rf.5a8ec731fb8de4937d1da8cfcf622fea.jpg,no_diabetes
output_train\non_diabetes\nd_-106-_jpg.rf.763daf89a7142aaa1a88713c7e8e1d52.jpg,no_diabetes
output_train\non_diabetes\nd_-107-_jpg.rf.a7b096a3f26c1221997e0029f38d17ab.jpg,no_diabetes
output_train\non_diabetes\nd_-107-_jpg.rf.c6066578f55096af1f48abf29ed9dc17.jpg,no_diabetes
output_train\non_diabetes\nd_-107-_jpg.rf.ff379567f5091ed7475d661db9aedb17.jpg,no_diabetes
output_train\non_diabetes\nd_-108-_jpg.rf.0f6298dcbeea6e656be8770c8e0f540b.jpg,no_diabetes
output_train\non_diabetes\nd_-108-_jpg.rf.307e1cf5ed4af681b787d3811a7b75d9.jpg,no_diabetes
output_train\non_diabetes\nd_-108-_jpg.rf.94ea7f01aee8c5b220097aa880613f8c.jpg,no_diabetes
output_train\non_diabetes\nd_-109-_jpg.rf.4208188a5662c8aaa92cb68df71b7afd.jpg,no_diabetes
output_train\non_diabetes\nd_-109-_jpg.rf.8f1e5df35d9aa16438a22699a1932dcf.jpg,no_diabetes
output_train\non_diabetes\nd_-109-_jpg.rf.a30615a5c141da385b9b2890a5d937bd.jpg,no_diabetes
output_train\non_diabetes\nd_-111-_jpg.rf.1c92d45a76f3781fae2ea166c833e9dc.jpg,no_diabetes
output_train\non_diabetes\nd_-111-_jpg.rf.7c58a51c2f73a297a8d13ef07818a52e.jpg,no_diabetes
output_train\non_diabetes\nd_-111-_jpg.rf.7f7421ee0cd25feff2937f30a7822779.jpg,no_diabetes
output_train\non_diabetes\nd_-113-_jpg.rf.0eba68052852a17bbc5d1598cc9eadd2.jpg,no_diabetes
output_train\non_diabetes\nd_-113-_jpg.rf.7cb2e9b596cad0273c8f27dd5771e113.jpg,no_diabetes
output_train\non_diabetes\nd_-113-_jpg.rf.cf7615f9eed5834e121fa4b66092201c.jpg,no_diabetes
output_train\non_diabetes\nd_-114-_jpg.rf.8a08911363700a452e7ce83f8c9df12b.jpg,no_diabetes
output_train\non_diabetes\nd_-115-_jpg.rf.2adbf7a6a43394ad06e33ebe8d927eaf.jpg,no_diabetes
output_train\non_diabetes\nd_-115-_jpg.rf.68c1525dc36db4ccbeb7f09d9ac622ba.jpg,no_diabetes
output_train\non_diabetes\nd_-115-_jpg.rf.99613667504ae579424f85329db34b22.jpg,no_diabetes
output_train\non_diabetes\nd_-116-_jpg.rf.09a2a8450aa87d64fce1dc6e1e88129c.jpg,no_diabetes
output_train\non_diabetes\nd_-117-_jpg.rf.0ea5b44863720f5bd95d97759876a7fb.jpg,no_diabetes
output_train\non_diabetes\nd_-117-_jpg.rf.ab655faaf620e322882699e44a4a0ba6.jpg,no_diabetes
output_train\non_diabetes\nd_-117-_jpg.rf.ee6bc2a067275af163bd032acff6256c.jpg,no_diabetes
output_train\non_diabetes\nd_-118-_jpg.rf.50774a9775f1290401610873b00604e7.jpg,no_diabetes
output_train\non_diabetes\nd_-118-_jpg.rf.6af305090cd332bcb2e9d4d654a46ff2.jpg,no_diabetes
output_train\non_diabetes\nd_-118-_jpg.rf.ca48ac9225c4bd5d659779f7500cc8ec.jpg,no_diabetes
output_train\non_diabetes\nd_-120-_jpg.rf.3d56d5eb7d7732def42f590716c552fb.jpg,no_diabetes
output_train\non_diabetes\nd_-120-_jpg.rf.db335f129f5587f59c95f38b64f2c595.jpg,no_diabetes
output_train\non_diabetes\nd_-120-_jpg.rf.fcc68b981cf9b013d1e2c4b13e0bf88a.jpg,no_diabetes
output_train\non_diabetes\nd_-121-_jpg.rf.936b0df81fe28b75bc26aa5be29474ac.jpg,no_diabetes
output_train\non_diabetes\nd_-121-_jpg.rf.aa008c3cdbd27f3f2cc62208e251e421.jpg,no_diabetes
output_train\non_diabetes\nd_-121-_jpg.rf.f48b0ec14502c7d34e3aac95215a1b6e.jpg,no_diabetes
output_train\non_diabetes\nd_-122-_jpg.rf.015b70d8dfa5b211c4a34b71f0634504.jpg,no_diabetes
output_train\non_diabetes\nd_-122-_jpg.rf.24671380d44028218ea9eb538a7ed8ec.jpg,no_diabetes
output_train\non_diabetes\nd_-122-_jpg.rf.bbe12dbfb7bee510c37d5666c72724b6.jpg,no_diabetes
output_train\non_diabetes\nd_-123-_jpg.rf.27b74c937649dd48eecbd8e1cbe55911.jpg,no_diabetes
output_train\non_diabetes\nd_-123-_jpg.rf.68374ade63971586dc2a36d9c4b39821.jpg,no_diabetes
output_train\non_diabetes\nd_-123-_jpg.rf.7507b7c24fa30c40bca9f44544320e7e.jpg,no_diabetes
output_train\non_diabetes\nd_-127-_jpg.rf.22a82603c965aa88f88aa58f927e5275.jpg,no_diabetes
output_train\non_diabetes\nd_-127-_jpg.rf.39cd3fb26061bad0c546c027d4fe4d20.jpg,no_diabetes
output_train\non_diabetes\nd_-127-_jpg.rf.e500bbf5ad308cfb6a2c767073f5f73d.jpg,no_diabetes
output_train\non_diabetes\nd_-128-_jpg.rf.ce490e69fd555c3ebff0f57a503e021b.jpg,no_diabetes
output_train\non_diabetes\nd_-129-_jpg.rf.3af674b2c4fdd6b68c76bd72376e7339.jpg,no_diabetes
output_train\non_diabetes\nd_-129-_jpg.rf.6803d704dd28913a135c78fcfd6e09c6.jpg,no_diabetes
output_train\non_diabetes\nd_-129-_jpg.rf.b27c3957da704d476d1326e5600f350d.jpg,no_diabetes
output_train\non_diabetes\nd_-130-_jpg.rf.2ccce077630ecc1bb3a974674e37923b.jpg,no_diabetes
output_train\non_diabetes\nd_-130-_jpg.rf.9055769570451b76b2fb1374b3d1dd60.jpg,no_diabetes
output_train\non_diabetes\nd_-130-_jpg.rf.af459067c23ad63a5e5f5b148a410c12.jpg,no_diabetes
output_train\non_diabetes\nd_-131-_jpg.rf.334b49efa6c660113a72d0aa8a98034e.jpg,no_diabetes
output_train\non_diabetes\nd_-131-_jpg.rf.900728ca8e64145cecfbb910e39517e9.jpg,no_diabetes
output_train\non_diabetes\nd_-131-_jpg.rf.97c015adb1d306725fdfbdc8edf4d7d8.jpg,no_diabetes
output_train\non_diabetes\nd_-132-_jpg.rf.2ae55712f3662d6dd95ec7f6a7d7564c.jpg,no_diabetes
output_train\non_diabetes\nd_-132-_jpg.rf.51676deea8644f777ab896ce8c1114f6.jpg,no_diabetes
output_train\non_diabetes\nd_-132-_jpg.rf.b982bf70e9a63bbaf1480c83b2819bb4.jpg,no_diabetes
output_train\non_diabetes\nd_-133-_jpg.rf.224c274bd37e69720c4b7a4925fc7ba0.jpg,no_diabetes
output_train\non_diabetes\nd_-133-_jpg.rf.2281682147adca79058e1344274d34b2.jpg,no_diabetes
output_train\non_diabetes\nd_-133-_jpg.rf.ce2ae9ef4f5f59f235323ef376f722d9.jpg,no_diabetes
output_train\non_diabetes\nd_-134-_jpg.rf.4a511bf141d15f9a7b5ba2f99535e027.jpg,no_diabetes
output_train\non_diabetes\nd_-134-_jpg.rf.aabd650d82a42794c306b535632b45e1.jpg,no_diabetes
output_train\non_diabetes\nd_-134-_jpg.rf.ea629296ef881263e7134c992bc78b1d.jpg,no_diabetes
output_train\non_diabetes\nd_-135-_jpg.rf.3167b6e74f059c73978213951f1bdee8.jpg,no_diabetes
output_train\non_diabetes\nd_-135-_jpg.rf.9a88785f37f30da9c1ea04e5804cebb2.jpg,no_diabetes
output_train\non_diabetes\nd_-135-_jpg.rf.a22136c767cd54f7d7252927908214bc.jpg,no_diabetes
output_train\non_diabetes\nd_-136-_jpg.rf.18b0df95d1a9f54dbb5798ffd895c05b.jpg,no_diabetes
output_train\non_diabetes\nd_-136-_jpg.rf.c4c4925eedce8f34f13c53a5f019e901.jpg,no_diabetes
output_train\non_diabetes\nd_-136-_jpg.rf.e97a19f6e4277264fbf24407eea7b41c.jpg,no_diabetes
output_train\non_diabetes\nd_-137-_jpg.rf.24e8f1c560e32ebdc9958956ee899361.jpg,no_diabetes
output_train\non_diabetes\nd_-137-_jpg.rf.b422c0a64a418658182ab6ace47e69ef.jpg,no_diabetes
output_train\non_diabetes\nd_-137-_jpg.rf.f9952e8a8b327df4c5f994f815277b6a.jpg,no_diabetes
output_train\non_diabetes\nd_-138-_jpg.rf.e1fff59b35e331b73cc2ea214603b695.jpg,no_diabetes
output_train\non_diabetes\nd_-140-_jpg.rf.2fc49094cfd654a1648dc9e74ae0e341.jpg,no_diabetes
output_train\non_diabetes\nd_-140-_jpg.rf.60f58166e6a39915f5cb767cd9d3e208.jpg,no_diabetes
output_train\non_diabetes\nd_-140-_jpg.rf.93ebd7ac6fa07e2b55351f973cbbf361.jpg,no_diabetes
output_train\non_diabetes\nd_-141-_jpg.rf.0bb62c8b084dcfc2e175372f02d0ef4c.jpg,no_diabetes
output_train\non_diabetes\nd_-141-_jpg.rf.3d34d993bb12beb657d80867e0dbb7a3.jpg,no_diabetes
output_train\non_diabetes\nd_-141-_jpg.rf.a119a84ebfdb19b2759c3da304e085b5.jpg,no_diabetes
output_train\non_diabetes\nd_-142-_jpg.rf.c1fdc3215415392ebf5bb18e0ba4e71f.jpg,no_diabetes
output_train\non_diabetes\nd_-143-_jpg.rf.92d5e2115e8bd79a2eb4e9ca29764ad4.jpg,no_diabetes
output_train\non_diabetes\nd_-144-_jpg.rf.9b08adfdb0b4f543944339706fbf123b.jpg,no_diabetes
output_train\non_diabetes\nd_-144-_jpg.rf.fb6bff23ef0a21a1398952f95b5d41b2.jpg,no_diabetes
output_train\non_diabetes\nd_-144-_jpg.rf.fbad7f4dac8d067f905cad7dc9443959.jpg,no_diabetes
output_train\non_diabetes\nd_-145-_jpg.rf.2d3b07db6e761fdda8eb85456ed83c7f.jpg,no_diabetes
output_train\non_diabetes\nd_-145-_jpg.rf.2db4f8957bee973297c95c4b8768afb3.jpg,no_diabetes
output_train\non_diabetes\nd_-145-_jpg.rf.56c3098c31e5713be872dcefda635932.jpg,no_diabetes
output_train\non_diabetes\nd_-146-_jpg.rf.260c4be9d53d37ff9e48a3e5b2c899e2.jpg,no_diabetes
output_train\non_diabetes\nd_-146-_jpg.rf.67edbba61ba6728bb2e7b96c460d7d19.jpg,no_diabetes
output_train\non_diabetes\nd_-146-_jpg.rf.9f7d65e5124572b556a28c6add3265bb.jpg,no_diabetes
output_train\non_diabetes\nd_-148-_jpg.rf.706201c2d021cc2863c8a2c266a00ac7.jpg,no_diabetes
output_train\non_diabetes\nd_-148-_jpg.rf.8008ac7f65200d0b43e09e6e394b0c4b.jpg,no_diabetes
output_train\non_diabetes\nd_-148-_jpg.rf.867e9c7c7a8cd67f7a41b73ad6879ef9.jpg,no_diabetes
output_train\non_diabetes\nd_-149-_jpg.rf.2070730762b43fcf1ec2080a92586864.jpg,no_diabetes
output_train\non_diabetes\nd_-149-_jpg.rf.21ad6b8caf4972a976dc50165929c973.jpg,no_diabetes
output_train\non_diabetes\nd_-149-_jpg.rf.6a5b4a915ba491be3d08a5d24477c6d7.jpg,no_diabetes
output_train\non_diabetes\nd_-150-_jpg.rf.0331e3f6b5594cf638f317c10e56f682.jpg,no_diabetes
output_train\non_diabetes\nd_-150-_jpg.rf.58f96691ef5301f5eef88572279f9f2b.jpg,no_diabetes
output_train\non_diabetes\nd_-150-_jpg.rf.f179439718d877df0542c6d7ab649eb8.jpg,no_diabetes
output_train\non_diabetes\nd_-153-_jpg.rf.4a155ae47ba5fde19c744d37545d726f.jpg,no_diabetes
output_train\non_diabetes\nd_-153-_jpg.rf.789ef637da95e2238c86ee81b5bc8d5a.jpg,no_diabetes
output_train\non_diabetes\nd_-153-_jpg.rf.95c59041db3d99ae224f3bd04d23f126.jpg,no_diabetes
output_train\non_diabetes\nd_-154-_jpg.rf.2bc31359a32fd40c39c655ae99914866.jpg,no_diabetes
output_train\non_diabetes\nd_-154-_jpg.rf.59da55b51ce8249d2d730405b0aab7b2.jpg,no_diabetes
output_train\non_diabetes\nd_-154-_jpg.rf.d4adb67b0f2b0ff64b422cb591d9bfad.jpg,no_diabetes
output_train\non_diabetes\nd_-155-_jpg.rf.0203e597a6e2b8b628a68c716ec35bfe.jpg,no_diabetes
output_train\non_diabetes\nd_-155-_jpg.rf.421a6cecbbbb2cf3bee4a5d999b24051.jpg,no_diabetes
output_train\non_diabetes\nd_-155-_jpg.rf.e173078c9fcb98612dcabf211250068f.jpg,no_diabetes
output_train\non_diabetes\nd_-156-_jpg.rf.08d027551326e6c1038a6d23db6ab7ae.jpg,no_diabetes
output_train\non_diabetes\nd_-156-_jpg.rf.093ac85d4def0ff81bc572573393f3f4.jpg,no_diabetes
output_train\non_diabetes\nd_-156-_jpg.rf.3bf2f65aa7520314b28fe491cff19636.jpg,no_diabetes
output_train\non_diabetes\nd_-157-_jpg.rf.7e2db8371ddc96216a9edec640dd3ac0.jpg,no_diabetes
output_train\non_diabetes\nd_-157-_jpg.rf.b901755bc1f8f4219dece0133b8eb3df.jpg,no_diabetes
output_train\non_diabetes\nd_-157-_jpg.rf.cb4d6ed0734f94551dd8ade31eb6c777.jpg,no_diabetes
output_train\non_diabetes\nd_-158-_jpg.rf.11e277dfb3efd952bb26a5bc92e2339f.jpg,no_diabetes
output_train\non_diabetes\nd_-158-_jpg.rf.33243af28edd4033a53e4bc9b6e117b5.jpg,no_diabetes
output_train\non_diabetes\nd_-158-_jpg.rf.58c42b8dc25ffde2f55800368d7944aa.jpg,no_diabetes
output_train\non_diabetes\nd_-160-_jpg.rf.655e20246e26de78dd195bb7f459c751.jpg,no_diabetes
output_train\non_diabetes\nd_-160-_jpg.rf.761e013c57191025df6421c2014caf55.jpg,no_diabetes
output_train\non_diabetes\nd_-160-_jpg.rf.b160af404e7bcab9ef94274e77fb30b5.jpg,no_diabetes
output_train\non_diabetes\nd_-161-_jpg.rf.6488ffccfc03c7eced6ec7a265fca375.jpg,no_diabetes
output_train\non_diabetes\nd_-161-_jpg.rf.ccfd3d7897a821399d860f8726da905e.jpg,no_diabetes
output_train\non_diabetes\nd_-161-_jpg.rf.f278409553e9a28073fd919949208751.jpg,no_diabetes
output_train\non_diabetes\nd_-162-_jpg.rf.fa582a9b7c33e913f03668fbeff0770e.jpg,no_diabetes
output_train\non_diabetes\nd_-164-_jpg.rf.2e502f855869f9660b21a0179ec824bb.jpg,no_diabetes
output_train\non_diabetes\nd_-164-_jpg.rf.4ccadd1bf1594c15a5146e3787a07280.jpg,no_diabetes
output_train\non_diabetes\nd_-164-_jpg.rf.b17ac2c07bcd2e7cf4a6dcb3412ef4ab.jpg,no_diabetes
output_train\non_diabetes\nd_-165-_jpg.rf.f2d71d02503a08cb5723ef2d7c174ecf.jpg,no_diabetes
output_train\non_diabetes\nd_-166-_jpg.rf.645ce661e00943348fdbe60a8ecf348c.jpg,no_diabetes
output_train\non_diabetes\nd_-166-_jpg.rf.8ae50b7e275fb20648ab3fa7d743be06.jpg,no_diabetes
output_train\non_diabetes\nd_-166-_jpg.rf.a990387a581129f43fa896bec98b59fa.jpg,no_diabetes
output_train\non_diabetes\nd_-167-_jpg.rf.69c288f96dd820865489706eda17faba.jpg,no_diabetes
output_train\non_diabetes\nd_-167-_jpg.rf.af1c47f7de3f327ee0f1c2eeda6fb822.jpg,no_diabetes
output_train\non_diabetes\nd_-167-_jpg.rf.f3597ac8d25f8839b7af162a0e6d02f1.jpg,no_diabetes
output_train\non_diabetes\nd_-168-_jpg.rf.8b89791d07ec4e535111b13efa679d8d.jpg,no_diabetes
output_train\non_diabetes\nd_-168-_jpg.rf.af518173b234cdd12d4a7ec9bab6fd55.jpg,no_diabetes
output_train\non_diabetes\nd_-168-_jpg.rf.d9561df6bd1656456c12ae8eccaafc42.jpg,no_diabetes
output_train\non_diabetes\nd_-169-_jpg.rf.3d35d95bada51001a4f63490e2fd5d81.jpg,no_diabetes
output_train\non_diabetes\nd_-169-_jpg.rf.4189f171a1dd70cffb697c239be288f4.jpg,no_diabetes
output_train\non_diabetes\nd_-169-_jpg.rf.7fbd19ee7f6b5f90bccff41292148e27.jpg,no_diabetes
output_train\non_diabetes\nd_-170-_jpg.rf.16b7504d45450108d444b7f9ff731e20.jpg,no_diabetes
output_train\non_diabetes\nd_-170-_jpg.rf.64ccdd6591ba2db5501c895e7b36c94c.jpg,no_diabetes
output_train\non_diabetes\nd_-170-_jpg.rf.b5544ef65fa1ce7030b956b2f00053f4.jpg,no_diabetes
output_train\non_diabetes\nd_-171-_jpg.rf.32c73bb3d97c6764c2c7bb33da951a5d.jpg,no_diabetes
output_train\non_diabetes\nd_-172-_jpg.rf.341abd1b5c0509090bd59653f9ff0174.jpg,no_diabetes
output_train\non_diabetes\nd_-172-_jpg.rf.423c638ad6a3395841318e2574da0d63.jpg,no_diabetes
output_train\non_diabetes\nd_-172-_jpg.rf.afbe2d8c9fe4b701923f2a37a7d4f79a.jpg,no_diabetes
output_train\non_diabetes\nd_-173-_jpg.rf.ce7a9afec7f559501afdd04f05aa6d57.jpg,no_diabetes
output_train\non_diabetes\nd_-174-_jpg.rf.49da591134f9c0b3abc6bb3331a7609d.jpg,no_diabetes
output_train\non_diabetes\nd_-174-_jpg.rf.89c6d83bfd50d643118560452874c672.jpg,no_diabetes
output_train\non_diabetes\nd_-174-_jpg.rf.8d8a6805fcdce3e0339d3359f151210d.jpg,no_diabetes
output_train\non_diabetes\nd_-175-_jpg.rf.1f5e28f86bbda5f413e66ca98f6c3e5a.jpg,no_diabetes
output_train\non_diabetes\nd_-175-_jpg.rf.718750db107de849b177053dc8b99458.jpg,no_diabetes
output_train\non_diabetes\nd_-175-_jpg.rf.a54770efee12792b1464b5430d62da9c.jpg,no_diabetes
output_train\non_diabetes\nd_-176-_jpg.rf.3ff8de2d9f1f695556c992d38f7027b6.jpg,no_diabetes
output_train\non_diabetes\nd_-182-_jpg.rf.463905738e75c894e68eafcf346cc43b.jpg,no_diabetes
output_train\non_diabetes\nd_-182-_jpg.rf.ccbe033291a19c1ce3bb67bca2fb445d.jpg,no_diabetes
output_train\non_diabetes\nd_-182-_jpg.rf.d8945dc4ff6d1fe141651563cb21163a.jpg,no_diabetes
output_train\non_diabetes\nd_-185-_jpg.rf.0689cea81f399d719e7bfe9c0c9b5955.jpg,no_diabetes
output_train\non_diabetes\nd_-185-_jpg.rf.3d106ef00e2774f139a9b56ad2ac3ee6.jpg,no_diabetes
output_train\non_diabetes\nd_-185-_jpg.rf.d0c64080aee6eecca03e2d4d1727d51b.jpg,no_diabetes
output_train\non_diabetes\nd_-186-_jpg.rf.0e4f868d7eddacace444f72602a2291b.jpg,no_diabetes
output_train\non_diabetes\nd_-186-_jpg.rf.0f716ab6d45d8f165d322acc15fc4747.jpg,no_diabetes
output_train\non_diabetes\nd_-186-_jpg.rf.e29f70b53567d2488c4258ff17020033.jpg,no_diabetes
output_train\non_diabetes\nd_-187-_jpg.rf.54f139b824eec974063ed1ecf616ab77.jpg,no_diabetes
output_train\non_diabetes\nd_-188-_jpg.rf.57aa8d1e6a5a40dcc787f2f84e9b9d6f.jpg,no_diabetes
output_train\non_diabetes\nd_-19-_jpg.rf.3fe7b70d635815f0ce29dc2ff94c8053.jpg,no_diabetes
output_train\non_diabetes\nd_-19-_jpg.rf.91b09712f68566c1d10b16a2aed1d7c5.jpg,no_diabetes
output_train\non_diabetes\nd_-190-_jpg.rf.2b06b4593bcb563b3eadd5270d591089.jpg,no_diabetes
output_train\non_diabetes\nd_-190-_jpg.rf.45c7ed5c6527d5cf35f5303bd17a7700.jpg,no_diabetes
output_train\non_diabetes\nd_-190-_jpg.rf.c8250e12e52aa6920072c3c344b1951b.jpg,no_diabetes
output_train\non_diabetes\nd_-191-_jpg.rf.a994d1799cefd1189f88c37d08edd65a.jpg,no_diabetes
output_train\non_diabetes\nd_-191-_jpg.rf.c739b2fa5599bf325ae424453d1f521a.jpg,no_diabetes
output_train\non_diabetes\nd_-191-_jpg.rf.eff7e9cc8bad6bd6b9604aaf3bfbf96f.jpg,no_diabetes
output_train\non_diabetes\nd_-192-_jpg.rf.0fc6c9a92c2e3c7e1bb086accdb04a2a.jpg,no_diabetes
output_train\non_diabetes\nd_-192-_jpg.rf.30962bf31d672db6058893b4fb8bca01.jpg,no_diabetes
output_train\non_diabetes\nd_-192-_jpg.rf.7048819aaad5a8cfea59b34c026a4ef4.jpg,no_diabetes
output_train\non_diabetes\nd_-193-_jpg.rf.863503caff2fb7b738a10bbb6085999c.jpg,no_diabetes
output_train\non_diabetes\nd_-193-_jpg.rf.8ddb7ee0220f667a8a53fe319d064273.jpg,no_diabetes
output_train\non_diabetes\nd_-193-_jpg.rf.ca3d5c7fc00e37994eacc6a535c2cb76.jpg,no_diabetes
output_train\non_diabetes\nd_-195-_jpg.rf.5b1b4f9d8b1ef26242595bc3e7ac2f1a.jpg,no_diabetes
output_train\non_diabetes\nd_-195-_jpg.rf.c614b44c0d75f48ccd11e193508642bf.jpg,no_diabetes
output_train\non_diabetes\nd_-195-_jpg.rf.c93abd1d44d76fa7d3023dbc391cbe77.jpg,no_diabetes
output_train\non_diabetes\nd_-196-_jpg.rf.8ca61024643e5f931d498df4c4b72189.jpg,no_diabetes
output_train\non_diabetes\nd_-197-_jpg.rf.903e0cbf2c0754fd9a63c508a6cd935f.jpg,no_diabetes
output_train\non_diabetes\nd_-197-_jpg.rf.be7d6d460310e91c81411e37a8cb655a.jpg,no_diabetes
output_train\non_diabetes\nd_-197-_jpg.rf.cf3b55302780457b727162b429b3caf0.jpg,no_diabetes
output_train\non_diabetes\nd_-198-_jpg.rf.0345217e54370011c93d0455667d8efc.jpg,no_diabetes
output_train\non_diabetes\nd_-198-_jpg.rf.5a97b71095dd3ddac7d68067648f25cf.jpg,no_diabetes
output_train\non_diabetes\nd_-198-_jpg.rf.d042233a313e09bbc012de76ee26af0a.jpg,no_diabetes
output_train\non_diabetes\nd_-20-_jpg.rf.526de16e005dba399d1701aff6011c93.jpg,no_diabetes
output_train\non_diabetes\nd_-200-_jpg.rf.1a4e55ce84cb788608b827db9bb2becc.jpg,no_diabetes
output_train\non_diabetes\nd_-200-_jpg.rf.2848a66c21a6dfca4e00aee8938debcb.jpg,no_diabetes
output_train\non_diabetes\nd_-200-_jpg.rf.65a23287c8a5150a86a683ab96fc6fcb.jpg,no_diabetes
output_train\non_diabetes\nd_-201-_jpg.rf.2a03d2161d66006730143ed64f7ff714.jpg,no_diabetes
output_train\non_diabetes\nd_-201-_jpg.rf.7cd9b6fe81b4273b89b75e7f46f3285c.jpg,no_diabetes
output_train\non_diabetes\nd_-201-_jpg.rf.eab1d8db584b7ab3333d14fa8968a63e.jpg,no_diabetes
output_train\non_diabetes\nd_-203-_jpg.rf.cf788ebeef876bde8d890b558a52151a.jpg,no_diabetes
output_train\non_diabetes\nd_-203-_jpg.rf.d4e5d51cdec05e8c2d053369878e3e5c.jpg,no_diabetes
output_train\non_diabetes\nd_-203-_jpg.rf.f484da3bbac35fe84845f2867b75e1e3.jpg,no_diabetes
output_train\non_diabetes\nd_-204-_jpg.rf.941f7c9c99d48a711aa3b5e59da0fba5.jpg,no_diabetes
output_train\non_diabetes\nd_-204-_jpg.rf.ac5c5c3c137ee691a060da1ac1e99561.jpg,no_diabetes
output_train\non_diabetes\nd_-204-_jpg.rf.e6865a94d9fa7c628922eae3b38e88e9.jpg,no_diabetes
output_train\non_diabetes\nd_-205-_jpg.rf.2346144d144c2ae3e04f500b7f5a2794.jpg,no_diabetes
output_train\non_diabetes\nd_-205-_jpg.rf.bc6e3413510512ea0f7a005e94ed1dc8.jpg,no_diabetes
output_train\non_diabetes\nd_-205-_jpg.rf.e4a63974ae7128099cdb66a6228a5817.jpg,no_diabetes
output_train\non_diabetes\nd_-208-_jpg.rf.8ba9166422578853bce44bfeb7bf42b4.jpg,no_diabetes
output_train\non_diabetes\nd_-208-_jpg.rf.b7fe8be88fd54e0c4ffd01d410d1e34d.jpg,no_diabetes
output_train\non_diabetes\nd_-208-_jpg.rf.ffee0d26c3864273207109a3a964ad6a.jpg,no_diabetes
output_train\non_diabetes\nd_-209-_jpg.rf.85e852e0d1ce3dea0707a1bbe1becf9c.jpg,no_diabetes
output_train\non_diabetes\nd_-210-_jpg.rf.50a636b7dff46fb191dfa907d9021f24.jpg,no_diabetes
output_train\non_diabetes\nd_-210-_jpg.rf.7ac17ad01eacca3dec895d5bdb1cde3d.jpg,no_diabetes
output_train\non_diabetes\nd_-210-_jpg.rf.7ef8cb8332c6ce0dd2f061672dcedad7.jpg,no_diabetes
output_train\non_diabetes\nd_-211-_jpg.rf.0b556e615768b6fdc350e284aed7172e.jpg,no_diabetes
output_train\non_diabetes\nd_-212-_jpg.rf.0b16544264c5df40c6a3f2780f0f3979.jpg,no_diabetes
output_train\non_diabetes\nd_-212-_jpg.rf.1f5a20e861c7137965bab43e96dc95e8.jpg,no_diabetes
output_train\non_diabetes\nd_-212-_jpg.rf.4f71a2b68090537e91eb40a6f0627ea6.jpg,no_diabetes
output_train\non_diabetes\nd_-213-_jpg.rf.79fec9d8b3ba64344b4b31fa4095ddb2.jpg,no_diabetes
output_train\non_diabetes\nd_-213-_jpg.rf.7c93cf91b4b060cf48799059cf78931d.jpg,no_diabetes
output_train\non_diabetes\nd_-213-_jpg.rf.863f55b9ab50ec0820cbd9dcfda334a6.jpg,no_diabetes
output_train\non_diabetes\nd_-214-_jpg.rf.0c796098c6d922daceb531740cd0a747.jpg,no_diabetes
output_train\non_diabetes\nd_-214-_jpg.rf.238b5c283991789b8bdb22bb89db10e1.jpg,no_diabetes
output_train\non_diabetes\nd_-214-_jpg.rf.9142acd9e8b68ed99732b8d8ef3979bd.jpg,no_diabetes
output_train\non_diabetes\nd_-215-_jpg.rf.9be6113a5060d6913c0cc40dea5b202c.jpg,no_diabetes
output_train\non_diabetes\nd_-215-_jpg.rf.ba6e6fa5225efaedddef2f77a33a060f.jpg,no_diabetes
output_train\non_diabetes\nd_-215-_jpg.rf.e05087ff6d468617310e46a06e7d8d79.jpg,no_diabetes
output_train\non_diabetes\nd_-217-_jpg.rf.9cdedf38b5d8ba3ff23b0a3ba2413709.jpg,no_diabetes
output_train\non_diabetes\nd_-218-_jpg.rf.1f2dc0786c8abc65f163147e17c20f79.jpg,no_diabetes
output_train\non_diabetes\nd_-218-_jpg.rf.34c1897155004283f86c978f77a0c815.jpg,no_diabetes
output_train\non_diabetes\nd_-218-_jpg.rf.6bf42448d38bc32adb168e2a68200d1c.jpg,no_diabetes
output_train\non_diabetes\nd_-219-_jpg.rf.45ab76ab8e06010d290be4f1692db00a.jpg,no_diabetes
output_train\non_diabetes\nd_-219-_jpg.rf.beb6527648eb6431f5732e3ea11af7d9.jpg,no_diabetes
output_train\non_diabetes\nd_-219-_jpg.rf.e7e9e959de7d9219f6d3844429ca4381.jpg,no_diabetes
output_train\non_diabetes\nd_-221-_jpg.rf.4550a91c1dd2f813946712c960f2aeb8.jpg,no_diabetes
output_train\non_diabetes\nd_-221-_jpg.rf.6adabcae82352f092502e2aedcab437e.jpg,no_diabetes
output_train\non_diabetes\nd_-221-_jpg.rf.9e4fc18b1b4e024817538b8a7d73943f.jpg,no_diabetes
output_train\non_diabetes\nd_-223-_jpg.rf.eda2efdb271ad449c7baf7573cfd8aae.jpg,no_diabetes
output_train\non_diabetes\nd_-225-_jpg.rf.9792c1a9390ece7b396a070521d89254.jpg,no_diabetes
output_train\non_diabetes\nd_-226-_jpg.rf.8e8d09f9656364b544a52666f2794c13.jpg,no_diabetes
output_train\non_diabetes\nd_-227-_jpg.rf.247babf11a6facdc900e6468ac955a6e.jpg,no_diabetes
output_train\non_diabetes\nd_-227-_jpg.rf.3b419980c1d8c98a450af694cef4924a.jpg,no_diabetes
output_train\non_diabetes\nd_-227-_jpg.rf.bd0951fbbe811acd206b2fb7ecd31bba.jpg,no_diabetes
output_train\non_diabetes\nd_-229-_jpg.rf.0c844b9640105e372e83d7aec23d5245.jpg,no_diabetes
output_train\non_diabetes\nd_-229-_jpg.rf.76253760c968d36e2f3eff84d3113b2c.jpg,no_diabetes
output_train\non_diabetes\nd_-229-_jpg.rf.efec6ce9e9b7b8d29d64b0a4818d326d.jpg,no_diabetes
output_train\non_diabetes\nd_-23-_jpg.rf.96792d82b38f228ac61a98c06688995b.jpg,no_diabetes
output_train\non_diabetes\nd_-230-_jpg.rf.4ea853e96cf285c3a41b6b677dfff07b.jpg,no_diabetes
output_train\non_diabetes\nd_-230-_jpg.rf.666bf3399b7f30e33a312e1dfa3e868b.jpg,no_diabetes
output_train\non_diabetes\nd_-230-_jpg.rf.f2ceda8471f9ab86847fed958315901d.jpg,no_diabetes
output_train\non_diabetes\nd_-231-_jpg.rf.d08891e4e38ae8f92d10e3b2536e82c8.jpg,no_diabetes
output_train\non_diabetes\nd_-232-_jpg.rf.56e029044ae8bc9b6634e37a7f9d1cdb.jpg,no_diabetes
output_train\non_diabetes\nd_-232-_jpg.rf.79ea91478ecbb9f22f7c8f5a80861c66.jpg,no_diabetes
output_train\non_diabetes\nd_-232-_jpg.rf.8a99c2d495414351b3ae88f2c3c3cc0c.jpg,no_diabetes
output_train\non_diabetes\nd_-233-_jpg.rf.9766b56ae5c647ace269a712a2c4717d.jpg,no_diabetes
output_train\non_diabetes\nd_-235-_jpg.rf.1eae1455e6045913a1800dd11e21d923.jpg,no_diabetes
output_train\non_diabetes\nd_-235-_jpg.rf.3bd1492e81a69ada356b186d5ebddc28.jpg,no_diabetes
output_train\non_diabetes\nd_-235-_jpg.rf.869add22cc62c772929432afab91d617.jpg,no_diabetes
output_train\non_diabetes\nd_-238-_jpg.rf.b28de751874eb2086c0045de9a376679.jpg,no_diabetes
output_train\non_diabetes\nd_-238-_jpg.rf.f7cfa5f6766cb5080a6011429a0a6b6f.jpg,no_diabetes
output_train\non_diabetes\nd_-238-_jpg.rf.f8847023dd94c3d02d22ead9aafcb0d9.jpg,no_diabetes
output_train\non_diabetes\nd_-24-_jpg.rf.18e51dff8a05137de228d467486f9b84.jpg,no_diabetes
output_train\non_diabetes\nd_-24-_jpg.rf.8f5a8383d2bc694d46bea3e9d6edcad7.jpg,no_diabetes
output_train\non_diabetes\nd_-24-_jpg.rf.f4676735e2648cfa08722816c675cf79.jpg,no_diabetes
output_train\non_diabetes\nd_-240-_jpg.rf.476efbe41f7638a0a71986ad385775f7.jpg,no_diabetes
output_train\non_diabetes\nd_-240-_jpg.rf.5a134cfc8b4d055884558795c52e17d6.jpg,no_diabetes
output_train\non_diabetes\nd_-240-_jpg.rf.fa27a39253721e5ec905d36711a4c8e9.jpg,no_diabetes
output_train\non_diabetes\nd_-241-_jpg.rf.9719177e4566293a57119f61bd4d4625.jpg,no_diabetes
output_train\non_diabetes\nd_-242-_jpg.rf.df6f25d8123072310fe25e5843239723.jpg,no_diabetes
output_train\non_diabetes\nd_-244-_jpg.rf.753b52ac13c0d8b8bf262f9ad7bc6d14.jpg,no_diabetes
output_train\non_diabetes\nd_-244-_jpg.rf.d7582ab79334e1cd49dcccace8e7a9a9.jpg,no_diabetes
output_train\non_diabetes\nd_-244-_jpg.rf.f113302c0d4d1ac53c5255f891956cd7.jpg,no_diabetes
output_train\non_diabetes\nd_-245-_jpg.rf.1b2760938996c46a74c278119f760451.jpg,no_diabetes
output_train\non_diabetes\nd_-245-_jpg.rf.657487941434e8183e2d9c2412b3ca06.jpg,no_diabetes
output_train\non_diabetes\nd_-245-_jpg.rf.ccdd55fd913273bbe9ddc24a59e32ad1.jpg,no_diabetes
output_train\non_diabetes\nd_-248-_jpg.rf.c26a6625e41640603a9acfd236725b22.jpg,no_diabetes
output_train\non_diabetes\nd_-248-_jpg.rf.c6d0f7bc9996cc93cbe90246be5911d0.jpg,no_diabetes
output_train\non_diabetes\nd_-248-_jpg.rf.d0d5cdb0cad73ec572fc7ce7b5545fac.jpg,no_diabetes
output_train\non_diabetes\nd_-25-_jpg.rf.9991243b76ad049a38d725f9494d3237.jpg,no_diabetes
output_train\non_diabetes\nd_-25-_jpg.rf.a5fab4ce5148f368a4d36c3a6745636d.jpg,no_diabetes
output_train\non_diabetes\nd_-25-_jpg.rf.c0f1ff0f2eec23397fd7628a959b25e3.jpg,no_diabetes
output_train\non_diabetes\nd_-250-_jpg.rf.7a6aca54458ddd7983a49a2825996256.jpg,no_diabetes
output_train\non_diabetes\nd_-250-_jpg.rf.7fcdd78ec4b682a62996dc21bb7e2b18.jpg,no_diabetes
output_train\non_diabetes\nd_-250-_jpg.rf.951cdcbf11c9f3f83a40c2ec7bbd52d3.jpg,no_diabetes
output_train\non_diabetes\nd_-26-_jpg.rf.110806b622ad42139d72a32aee24b506.jpg,no_diabetes
output_train\non_diabetes\nd_-26-_jpg.rf.2b8574ac5d98db79803bf1667457d968.jpg,no_diabetes
output_train\non_diabetes\nd_-26-_jpg.rf.3354dc35a88a4075df5bdcd0f6009d10.jpg,no_diabetes
output_train\non_diabetes\nd_-26-_jpg.rf.a837d140917c65469e32c68515b56fb2.jpg,no_diabetes
output_train\non_diabetes\nd_-26-_jpg.rf.e50f899bcaec71e3ed3d145f55c99f42.jpg,no_diabetes
output_train\non_diabetes\nd_-26-_jpg.rf.f8bb225ab71d849f8a458d528f184f76.jpg,no_diabetes
output_train\non_diabetes\nd_-27-_jpg.rf.2b4d70bcf2fa335d2576ad550dfe8fb2.jpg,no_diabetes
output_train\non_diabetes\nd_-30-_jpg.rf.1d8a50a2ce2d6b1d1a7cf9b4e026f6c6.jpg,no_diabetes
output_train\non_diabetes\nd_-30-_jpg.rf.24c10f4cfcc7dddd53fd5c1bd6f66d06.jpg,no_diabetes
output_train\non_diabetes\nd_-30-_jpg.rf.8d9942e62f044082bff77ec7e5f8d81a.jpg,no_diabetes
output_train\non_diabetes\nd_-32-_jpg.rf.9495ca47abd47a8e5f94f249f1a3130f.jpg,no_diabetes
output_train\non_diabetes\nd_-32-_jpg.rf.a392083d9efdeb5f9d110f126a791162.jpg,no_diabetes
output_train\non_diabetes\nd_-32-_jpg.rf.f4aac994c43ea0d58738c0aed52b52e8.jpg,no_diabetes
output_train\non_diabetes\nd_-33-_jpg.rf.599b22de4b4446b047d97579e04f3376.jpg,no_diabetes
output_train\non_diabetes\nd_-33-_jpg.rf.6035797c4c3f32bfb18880159109e626.jpg,no_diabetes
output_train\non_diabetes\nd_-33-_jpg.rf.8e2dcfa06919c9ca8358ee3bb6e78963.jpg,no_diabetes
output_train\non_diabetes\nd_-34-_jpg.rf.af28308e5b1ad0ff4963647ab290fa61.jpg,no_diabetes
output_train\non_diabetes\nd_-35-_jpg.rf.0e24035a4da8f87b693ddd367059f508.jpg,no_diabetes
output_train\non_diabetes\nd_-35-_jpg.rf.8041ed7fce133896b4ee72006eca8dbc.jpg,no_diabetes
output_train\non_diabetes\nd_-35-_jpg.rf.ca5379fdd23c80987c4dd2d5ed80a334.jpg,no_diabetes
output_train\non_diabetes\nd_-36-_jpg.rf.1564e330b2bbabe3979f842092660e7c.jpg,no_diabetes
output_train\non_diabetes\nd_-36-_jpg.rf.498e9ff756037d37cf87f81a2e531751.jpg,no_diabetes
output_train\non_diabetes\nd_-36-_jpg.rf.5d300098b5003efa2b7b5b9d430ba53e.jpg,no_diabetes
output_train\non_diabetes\nd_-37-_jpg.rf.00e36f461fd291a260e9b33979a0e0bb.jpg,no_diabetes
output_train\non_diabetes\nd_-37-_jpg.rf.10398e7a07c2f3f7c733194865f0c747.jpg,no_diabetes
output_train\non_diabetes\nd_-37-_jpg.rf.3123aea63305c3602e774e56317062e1.jpg,no_diabetes
output_train\non_diabetes\nd_-37-_jpg.rf.7a3df77f44f94bc64381901ec4113f66.jpg,no_diabetes
output_train\non_diabetes\nd_-37-_jpg.rf.8d23b4d44611398c1ae7768e2c8b3f50.jpg,no_diabetes
output_train\non_diabetes\nd_-37-_jpg.rf.a5cfe97ef26d7797ed2264dd9ac34b64.jpg,no_diabetes
output_train\non_diabetes\nd_-38-_jpg.rf.01c4ed1166d4ee478f847c0bfbd746d1.jpg,no_diabetes
output_train\non_diabetes\nd_-38-_jpg.rf.31e052fd70dea6de92f97d08fb1f865a.jpg,no_diabetes
output_train\non_diabetes\nd_-38-_jpg.rf.b1d6fba4ee4bfa1899d30a51b60af555.jpg,no_diabetes
output_train\non_diabetes\nd_-39-_jpg.rf.482d350dd3f2d944e747781c22317d76.jpg,no_diabetes
output_train\non_diabetes\nd_-39-_jpg.rf.4ad7b39b6791ceb487f4d95d9117a441.jpg,no_diabetes
output_train\non_diabetes\nd_-39-_jpg.rf.505e5279d4a40635d349bf29378e1e67.jpg,no_diabetes
output_train\non_diabetes\nd_-40-_jpg.rf.3d2bdf66e8d297fc203080e8c6d64b75.jpg,no_diabetes
output_train\non_diabetes\nd_-40-_jpg.rf.4bdea285849802b0633ce2711364614d.jpg,no_diabetes
output_train\non_diabetes\nd_-40-_jpg.rf.7d8fd5721512544d7e752b52619c8b20.jpg,no_diabetes
output_train\non_diabetes\nd_-40-_jpg.rf.a3947475b5477b2f5fd86d2d6e90e49d.jpg,no_diabetes
output_train\non_diabetes\nd_-40-_jpg.rf.ca9a9132c19f1fbe564b96e82325c7fa.jpg,no_diabetes
output_train\non_diabetes\nd_-40-_jpg.rf.eefa9a06c8125ac3b38185c016e5bcdb.jpg,no_diabetes
output_train\non_diabetes\nd_-41-_jpg.rf.84004f2fe8431d7cb22fa5867c436934.jpg,no_diabetes
output_train\non_diabetes\nd_-41-_jpg.rf.c3cb8c1f64dccd904e834f329a6c14d3.jpg,no_diabetes
output_train\non_diabetes\nd_-41-_jpg.rf.d6123e8597cb976bc05a62c74d428f36.jpg,no_diabetes
output_train\non_diabetes\nd_-42-_jpg.rf.62495599b8e61a32fb4b5ddcbf187435.jpg,no_diabetes
output_train\non_diabetes\nd_-43-_jpg.rf.700215c9ef73fc315d71e4b63f8a5f0a.jpg,no_diabetes
output_train\non_diabetes\nd_-43-_jpg.rf.702da98277f1267972302b1535d1181b.jpg,no_diabetes
output_train\non_diabetes\nd_-43-_jpg.rf.97a9ec729bc711d5eb3b44d16fe4e33a.jpg,no_diabetes
output_train\non_diabetes\nd_-45-_jpg.rf.080685572c077a7bb2749efef558e1c9.jpg,no_diabetes
output_train\non_diabetes\nd_-45-_jpg.rf.a5f261cd30b83dc9c1c2687fbe6596be.jpg,no_diabetes
output_train\non_diabetes\nd_-45-_jpg.rf.b1751673f6ac19403650f283e75cfe07.jpg,no_diabetes
output_train\non_diabetes\nd_-46-_jpg.rf.179f9ae0d03662543844436747e95a90.jpg,no_diabetes
output_train\non_diabetes\nd_-46-_jpg.rf.b40b13d65912cae3ee1a581ef9cb8a32.jpg,no_diabetes
output_train\non_diabetes\nd_-46-_jpg.rf.d4e277e0c6607c50216bb48274b10479.jpg,no_diabetes
output_train\non_diabetes\nd_-48-_jpg.rf.73e23b910974c13c736f5ac5c43eb385.jpg,no_diabetes
output_train\non_diabetes\nd_-48-_jpg.rf.7c8e35d717b2c7f1f977f23730e95480.jpg,no_diabetes
output_train\non_diabetes\nd_-48-_jpg.rf.b0c18ece15b6af7fb24a5e7209afdbc0.jpg,no_diabetes
output_train\non_diabetes\nd_-49-_jpg.rf.54666291cda905d2449b0aaa608c6271.jpg,no_diabetes
output_train\non_diabetes\nd_-49-_jpg.rf.821d9cbdefcdef77a0b89046ae61a885.jpg,no_diabetes
output_train\non_diabetes\nd_-49-_jpg.rf.f70d631c582d80b5ba1376a52c9a0677.jpg,no_diabetes
output_train\non_diabetes\nd_-50-_jpg.rf.24b2baf9caff8bfc4c0073a3ac3e4f3d.jpg,no_diabetes
output_train\non_diabetes\nd_-50-_jpg.rf.dc5696e362a50922874781bd59293ab5.jpg,no_diabetes
output_train\non_diabetes\nd_-50-_jpg.rf.def576b446e1d0d61ae7fac443b3653e.jpg,no_diabetes
output_train\non_diabetes\nd_-52-_jpg.rf.0c23d78b28f84a9fb6300c6012e1eacc.jpg,no_diabetes
output_train\non_diabetes\nd_-52-_jpg.rf.362076daaf52aa4e0175e21d4ab8664f.jpg,no_diabetes
output_train\non_diabetes\nd_-52-_jpg.rf.6c4ff27c7b5883910ef41944e48df162.jpg,no_diabetes
output_train\non_diabetes\nd_-53-_jpg.rf.094e5c5475b58673bbff9589f6d1eb09.jpg,no_diabetes
output_train\non_diabetes\nd_-53-_jpg.rf.1df25ecddf92812c32331b94fd05516e.jpg,no_diabetes
output_train\non_diabetes\nd_-53-_jpg.rf.278201e3d987f62dcd4a0f328975b8ff.jpg,no_diabetes
output_train\non_diabetes\nd_-54-_jpg.rf.4152cf9172d7cb9750402cbe588a9594.jpg,no_diabetes
output_train\non_diabetes\nd_-54-_jpg.rf.48243cb742b1b6c5a02062fcca0ffa5b.jpg,no_diabetes
output_train\non_diabetes\nd_-54-_jpg.rf.5464da53cb50c9d134fe70920509201b.jpg,no_diabetes
output_train\non_diabetes\nd_-55-_jpg.rf.711fc2f0f61f55669cd2ba569c93be5b.jpg,no_diabetes
output_train\non_diabetes\nd_-55-_jpg.rf.a91f0a872fb91e81bc7d1abbef2ebe52.jpg,no_diabetes
output_train\non_diabetes\nd_-55-_jpg.rf.abcd235528532d01ddda05e9395500b6.jpg,no_diabetes
output_train\non_diabetes\nd_-55-_jpg.rf.e5c1238ec7c969f8a861158c468239a9.jpg,no_diabetes
output_train\non_diabetes\nd_-56-_jpg.rf.1bc4a2696f84039da2285bafed0cd970.jpg,no_diabetes
output_train\non_diabetes\nd_-56-_jpg.rf.4e90b8cbfff3cae540b11955f06785e6.jpg,no_diabetes
output_train\non_diabetes\nd_-56-_jpg.rf.b5342d18aae755b335f583774eabb7b7.jpg,no_diabetes
output_train\non_diabetes\nd_-56-_jpg.rf.e99f646cc8145aac40a23bbbdd22b708.jpg,no_diabetes
output_train\non_diabetes\nd_-57-_jpg.rf.354bb4edce809017a7e4bcf7f6077b95.jpg,no_diabetes
output_train\non_diabetes\nd_-57-_jpg.rf.4ebcd27d1640322af13d79df2065289b.jpg,no_diabetes
output_train\non_diabetes\nd_-57-_jpg.rf.6d3009ced98a704664c96289f6ebe77f.jpg,no_diabetes
output_train\non_diabetes\nd_-57-_jpg.rf.9082fb42974d6d3b506fda326bd6257f.jpg,no_diabetes
output_train\non_diabetes\nd_-57-_jpg.rf.bd41d4a5e88b10d7121fe463e4fd3630.jpg,no_diabetes
output_train\non_diabetes\nd_-57-_jpg.rf.c2998d9d06d9348d4d5d7d5f0b009c7a.jpg,no_diabetes
output_train\non_diabetes\nd_-58-_jpg.rf.0e10c3c862b99da130d1c3c9bc154fb7.jpg,no_diabetes
output_train\non_diabetes\nd_-58-_jpg.rf.158b0ba18defaa57e6475ba76f82b9c8.jpg,no_diabetes
output_train\non_diabetes\nd_-58-_jpg.rf.581d91df4e6d66b34d82ff292db9be06.jpg,no_diabetes
output_train\non_diabetes\nd_-58-_jpg.rf.6a26918763bd963b31c0e90a146d4619.jpg,no_diabetes
output_train\non_diabetes\nd_-58-_jpg.rf.7c1e5c29dda006392be53c86c3fbf5ee.jpg,no_diabetes
output_train\non_diabetes\nd_-58-_jpg.rf.8dfb434e134a0150e9844de33e82a97f.jpg,no_diabetes
output_train\non_diabetes\nd_-59-_jpg.rf.209a17acba544c062691aef0e523a814.jpg,no_diabetes
output_train\non_diabetes\nd_-59-_jpg.rf.258d22be06827693d1bd893e380c45b3.jpg,no_diabetes
output_train\non_diabetes\nd_-59-_jpg.rf.26ebb66dea4b78229043fde5fb9a4a35.jpg,no_diabetes
output_train\non_diabetes\nd_-59-_jpg.rf.7fbc831ed3316067c003c73810c233a5.jpg,no_diabetes
output_train\non_diabetes\nd_-60-_jpg.rf.000048acc8584f7fe9a421433fc9512c.jpg,no_diabetes
output_train\non_diabetes\nd_-60-_jpg.rf.11ec301839078a7c52ddafceb3ea690d.jpg,no_diabetes
output_train\non_diabetes\nd_-60-_jpg.rf.226ba773f0824ba2e9f11d62b9aa4cb6.jpg,no_diabetes
output_train\non_diabetes\nd_-60-_jpg.rf.6897e5a7a76b789cfed22d6832950a98.jpg,no_diabetes
output_train\non_diabetes\nd_-60-_jpg.rf.98527170fe25bd44722f7b2e985da42d.jpg,no_diabetes
output_train\non_diabetes\nd_-60-_jpg.rf.fd2acaa0de3fb99768e99c7ccef6b13d.jpg,no_diabetes
output_train\non_diabetes\nd_-61-_jpg.rf.607eacfe8808902440534e141967c471.jpg,no_diabetes
output_train\non_diabetes\nd_-61-_jpg.rf.c15475c5bc4aabc4801ed19a5c194640.jpg,no_diabetes
output_train\non_diabetes\nd_-61-_jpg.rf.daaae04341329590b8c5d391c94004e6.jpg,no_diabetes
output_train\non_diabetes\nd_-62-_jpg.rf.002e98d1e5c7583dbed5a01ef2573c72.jpg,no_diabetes
output_train\non_diabetes\nd_-62-_jpg.rf.14447ebd98e2d8e8544088a6f32cd1ee.jpg,no_diabetes
output_train\non_diabetes\nd_-62-_jpg.rf.7c6503e002a5640784da1853366662c5.jpg,no_diabetes
output_train\non_diabetes\nd_-62-_jpg.rf.93dc0a48dd3a03740246c657b8722c2d.jpg,no_diabetes
output_train\non_diabetes\nd_-62-_jpg.rf.e1428d1cfb8d51e5a2138d381c0bdeb3.jpg,no_diabetes
output_train\non_diabetes\nd_-62-_jpg.rf.f19a6aadfcc0b10c04b56c3257909987.jpg,no_diabetes
output_train\non_diabetes\nd_-63-_jpg.rf.76efdad871dd8f7d92fc5adbc52f6998.jpg,no_diabetes
output_train\non_diabetes\nd_-63-_jpg.rf.9f4b4e7c0e46c41802440ba3e93223e2.jpg,no_diabetes
output_train\non_diabetes\nd_-63-_jpg.rf.d7fd5c488a37dec55e29c8760f6539dd.jpg,no_diabetes
output_train\non_diabetes\nd_-64-_jpg.rf.1e58b5bedb953a98f3f2c4a763ac9033.jpg,no_diabetes
output_train\non_diabetes\nd_-64-_jpg.rf.2476487f33521432e5a47d6764f96325.jpg,no_diabetes
output_train\non_diabetes\nd_-64-_jpg.rf.78c821530204e7d8571719c6dd9a8728.jpg,no_diabetes
output_train\non_diabetes\nd_-64-_jpg.rf.7be22c12abc869b76f860b0fe8460740.jpg,no_diabetes
output_train\non_diabetes\nd_-64-_jpg.rf.825c4e5defbb09ef7591546aa0fde579.jpg,no_diabetes
output_train\non_diabetes\nd_-64-_jpg.rf.89d3d950e4f58fa0b3db2f77f2d24eff.jpg,no_diabetes
output_train\non_diabetes\nd_-65-_jpg.rf.c1765a567dd3f0fb8235825614192e5e.jpg,no_diabetes
output_train\non_diabetes\nd_-66-_jpg.rf.1affce58b6b5cf1fa6651451a0861c68.jpg,no_diabetes
output_train\non_diabetes\nd_-67-_jpg.rf.4d25637985ca44a897b70ab024331d45.jpg,no_diabetes
output_train\non_diabetes\nd_-67-_jpg.rf.5f25ed4c7ad4fe2b490fb3f3ebf94c19.jpg,no_diabetes
output_train\non_diabetes\nd_-67-_jpg.rf.eb995a5e7d445743289b04cff734d16d.jpg,no_diabetes
output_train\non_diabetes\nd_-68-_jpg.rf.29e347407edf46b97ee4c141f147feff.jpg,no_diabetes
output_train\non_diabetes\nd_-68-_jpg.rf.4e987ba912c15726beb8e9a3c76d2c63.jpg,no_diabetes
output_train\non_diabetes\nd_-68-_jpg.rf.8341680359b5edcc97f06a9414c41a50.jpg,no_diabetes
output_train\non_diabetes\nd_-68-_jpg.rf.c786ef0fa4003efd17a61a9d94b17fb2.jpg,no_diabetes
output_train\non_diabetes\nd_-69-_jpg.rf.b8fb4866ca623966b2cc498887abc97e.jpg,no_diabetes
output_train\non_diabetes\nd_-70-_jpg.rf.3ee5147b5827254268f41ec0cd67e1e8.jpg,no_diabetes
output_train\non_diabetes\nd_-70-_jpg.rf.43b6a9abe13f73936b22bc2393f3b1e9.jpg,no_diabetes
output_train\non_diabetes\nd_-70-_jpg.rf.518c1e5dfe82510ab9308ee1fd26dfe1.jpg,no_diabetes
output_train\non_diabetes\nd_-70-_jpg.rf.5818c7f9bf50869c296771dcd283e327.jpg,no_diabetes
output_train\non_diabetes\nd_-70-_jpg.rf.7ab7366df8e880fa485b6cdb23024908.jpg,no_diabetes
output_train\non_diabetes\nd_-70-_jpg.rf.a7807e19984fa40c21d093e4a2be0cfc.jpg,no_diabetes
output_train\non_diabetes\nd_-71-_jpg.rf.0a95f7d1505a055b8142072f96ed5e24.jpg,no_diabetes
output_train\non_diabetes\nd_-71-_jpg.rf.41fdad413069715b7845f8393e163ecb.jpg,no_diabetes
output_train\non_diabetes\nd_-71-_jpg.rf.680e00cb8cd59cc4d42954e8ab3c76f4.jpg,no_diabetes
output_train\non_diabetes\nd_-71-_jpg.rf.df32cb70c5602c9261e8525d3bfbef65.jpg,no_diabetes
output_train\non_diabetes\nd_-72-_jpg.rf.1aa00d88d3ab9e4935588537e3f10678.jpg,no_diabetes
output_train\non_diabetes\nd_-72-_jpg.rf.7465c0748b0f71716b04c469a152bd8a.jpg,no_diabetes
output_train\non_diabetes\nd_-72-_jpg.rf.e063319e1d7bb2477fb4e665b56ebc09.jpg,no_diabetes
output_train\non_diabetes\nd_-73-_jpg.rf.1c3c9bdbaa8eeb6afd42bc9d1a72a2b8.jpg,no_diabetes
output_train\non_diabetes\nd_-73-_jpg.rf.2f45317287ee771bd58c4f7f728d4e47.jpg,no_diabetes
output_train\non_diabetes\nd_-73-_jpg.rf.4fa86b8690b2d5b66274ee8fa97b4e42.jpg,no_diabetes
output_train\non_diabetes\nd_-73-_jpg.rf.5f9b6543c05f3e46051697b7b780d11f.jpg,no_diabetes
output_train\non_diabetes\nd_-74-_jpg.rf.2eaddc9b9de5c7b4a344a6bb7fd04f06.jpg,no_diabetes
output_train\non_diabetes\nd_-75-_jpg.rf.48ab5afb3bca66d97856b4a22b0f27bb.jpg,no_diabetes
output_train\non_diabetes\nd_-75-_jpg.rf.7f2d40e7b5d206f03ba66686384c75f3.jpg,no_diabetes
output_train\non_diabetes\nd_-75-_jpg.rf.ef0d2d4baa0732890df64a78aefe519e.jpg,no_diabetes
output_train\non_diabetes\nd_-76-_jpg.rf.10f87f656f5b44ef69e4160db5954ef1.jpg,no_diabetes
output_train\non_diabetes\nd_-76-_jpg.rf.49ec1ad812b045a71080c185aae203d5.jpg,no_diabetes
output_train\non_diabetes\nd_-76-_jpg.rf.de12ef7b73b3c4bdc570e5af7d7c8492.jpg,no_diabetes
output_train\non_diabetes\nd_-77-_jpg.rf.1971249894ad34b8cefa2b7d9e18ac4a.jpg,no_diabetes
output_train\non_diabetes\nd_-77-_jpg.rf.1b555eeeee6bc3ffb3b239998868ad0f.jpg,no_diabetes
output_train\non_diabetes\nd_-77-_jpg.rf.d07331462f4d04231c3035c405b15b41.jpg,no_diabetes
output_train\non_diabetes\nd_-79-_jpg.rf.1a3eed220409759aae2249aca846f057.jpg,no_diabetes
output_train\non_diabetes\nd_-79-_jpg.rf.2639aa4ea5b97cdcb447ea86a40284d2.jpg,no_diabetes
output_train\non_diabetes\nd_-79-_jpg.rf.c125f41067d9b027e708138a1bba4468.jpg,no_diabetes
output_train\non_diabetes\nd_-82-_jpg.rf.ae5df516fc5d1ca21ce93ca27f134195.jpg,no_diabetes
output_train\non_diabetes\nd_-83-_jpg.rf.7703a9993cf8febb8efdbd8090666aa2.jpg,no_diabetes
output_train\non_diabetes\nd_-84-_jpg.rf.30eade583be77e90365c67b7f7d2d587.jpg,no_diabetes
output_train\non_diabetes\nd_-84-_jpg.rf.88e71eb1d23515860ad7a68598486652.jpg,no_diabetes
output_train\non_diabetes\nd_-84-_jpg.rf.b2e13721166cbb006cec7bb18bb19f65.jpg,no_diabetes
output_train\non_diabetes\nd_-85-_jpg.rf.7921673ac0478524b988f8e321407c98.jpg,no_diabetes
output_train\non_diabetes\nd_-85-_jpg.rf.d8df5298f0eb0e497030de861d6a1824.jpg,no_diabetes
output_train\non_diabetes\nd_-85-_jpg.rf.f311c62955379a97b88ad2eaf9ac91bf.jpg,no_diabetes
output_train\non_diabetes\nd_-86-_jpg.rf.239c41356aee74732987b5e9a075fb97.jpg,no_diabetes
output_train\non_diabetes\nd_-88-_jpg.rf.0b62f0993c1217af3b08cd68ea8ad490.jpg,no_diabetes
output_train\non_diabetes\nd_-88-_jpg.rf.2281aaa8c8c431e30adc6ff472b48648.jpg,no_diabetes
output_train\non_diabetes\nd_-88-_jpg.rf.809e1d042749407c0b1b2a12d18108f5.jpg,no_diabetes
output_train\non_diabetes\nd_-90-_jpg.rf.0a557edcf1466e2103428ebf500cf5b3.jpg,no_diabetes
output_train\non_diabetes\nd_-90-_jpg.rf.76d97f49ba9151c7941089d6910d0972.jpg,no_diabetes
output_train\non_diabetes\nd_-90-_jpg.rf.8466aa37de013e9a7cd6b5b48fa1b2df.jpg,no_diabetes
output_train\non_diabetes\nd_-91-_jpg.rf.b1c52133290ecd1738f8c75507d921e2.jpg,no_diabetes
output_train\non_diabetes\nd_-92-_jpg.rf.0cb5d56f87dc1662a0f30e467c6bc45c.jpg,no_diabetes
output_train\non_diabetes\nd_-92-_jpg.rf.2f2d385072ce4dc009fda86cfbe873ec.jpg,no_diabetes
output_train\non_diabetes\nd_-92-_jpg.rf.a041decb540b9e79598d041b1a6af03b.jpg,no_diabetes
output_train\non_diabetes\nd_-93-_jpg.rf.da3b93dd6a9866619483f9efe4641084.jpg,no_diabetes
output_train\non_diabetes\nd_-96-_jpg.rf.a7bd6065e01b263d90cdcc9d21e96d97.jpg,no_diabetes
output_train\non_diabetes\nd_-99-_jpg.rf.50e65cafdbe3b32e9286bf3df3e24b6b.jpg,no_diabetes
output_train\non_diabetes\Ny-G_-foto-3_jpg.rf.01e03532ec0a63ae384d6d3c8906e0de.jpg,no_diabetes
output_train\non_diabetes\Ny-G_-foto-3_jpg.rf.5e237d28abc8eca46fadacb30ab7927f.jpg,no_diabetes
output_train\non_diabetes\Ny-G_-foto-3_jpg.rf.fa5adc7233e05b3cc1c6d3fef6057866.jpg,no_diabetes
output_train\non_diabetes\Ny-G_foto-1_jpg.rf.1aebcb9a7f6a63981cdf2a322898bb76.jpg,no_diabetes
output_train\non_diabetes\Ny-G_foto-1_jpg.rf.68c075bf089b22fecfc6d0919083f8b8.jpg,no_diabetes
output_train\non_diabetes\Ny-G_foto-1_jpg.rf.9d17bb735648bf3c6dc26dbfa45c7ad4.jpg,no_diabetes
output_train\non_diabetes\Ny-G_foto-2_jpg.rf.210bb49a6e266243aeba35886bb05f62.jpg,no_diabetes
output_train\non_diabetes\Ny-G_foto-2_jpg.rf.5e3e4059c2e8d5b5a7f1d3188b306d97.jpg,no_diabetes
output_train\non_diabetes\Ny-G_foto-2_jpg.rf.b259f2d4ce97d87e45df0c83406ba79d.jpg,no_diabetes
output_train\non_diabetes\Ny-G_foto-5_jpg.rf.5edbba41e83512e4ed337edeff0fb893.jpg,no_diabetes
output_train\non_diabetes\Ny-G_foto-5_jpg.rf.9877d8188038ef69fc427726a12e1663.jpg,no_diabetes
output_train\non_diabetes\Ny-G_foto-5_jpg.rf.a883067f4ec4d1d71190bd577275fb91.jpg,no_diabetes
output_train\non_diabetes\Ny-I_foto-3_jpg.rf.5393b52673918ff5264d585a2809da6a.jpg,no_diabetes
output_train\non_diabetes\Ny-I_foto-3_jpg.rf.7637d33f731bed675c2175eae925b76b.jpg,no_diabetes
output_train\non_diabetes\Ny-I_foto-3_jpg.rf.80f9c7854fbce207d7f5dbaca6306e46.jpg,no_diabetes
output_train\non_diabetes\Ny-I_foto-5_jpg.rf.01915495b21128c87ecc2299b0a5838d.jpg,no_diabetes
output_train\non_diabetes\Ny-I_foto-5_jpg.rf.cff85c83dc2d6ff4c59098d566285e4e.jpg,no_diabetes
output_train\non_diabetes\Ny-I_foto-5_jpg.rf.db0b668f40ce274230263f0031a572f6.jpg,no_diabetes
output_train\non_diabetes\Ny-N_foto-1_jpg.rf.3a0a22fc851403b9e45f4ee20cec0885.jpg,no_diabetes
output_train\non_diabetes\Ny-N_foto-1_jpg.rf.d269e557d06a8d733e3d17613e7a7bb4.jpg,no_diabetes
output_train\non_diabetes\Ny-N_foto-1_jpg.rf.e4851d0362a2a09062a3993393401a93.jpg,no_diabetes
output_train\non_diabetes\Ny-N_foto-3_jpg.rf.b30a10924c67250d4fcf4bf568f384a2.jpg,no_diabetes
output_train\non_diabetes\Ny-N_foto-3_jpg.rf.e0341256d964045ee426eb5975586d9c.jpg,no_diabetes
output_train\non_diabetes\Ny-N_foto-3_jpg.rf.f8006e3218a34d787342d9c54eeddc3a.jpg,no_diabetes
output_valid\diabetes\d_-100-_jpg.rf.618bd10429d219cbdebe2ec851031046.jpg,diabetes
output_valid\diabetes\d_-107-_jpg.rf.4150f5c667dd6e17594ff7f56074e539.jpg,diabetes
output_valid\diabetes\d_-109-_jpg.rf.ed2836a4e1d86621e28e9fecad612204.jpg,diabetes
output_valid\diabetes\d_-119-_jpg.rf.5b412822baef02098f86566f823c326a.jpg,diabetes
output_valid\diabetes\d_-123-_jpg.rf.421bf1965a8936494d60b0ec13f10cf7.jpg,diabetes
output_valid\diabetes\d_-128-_jpg.rf.1e3d7497a0c9fe5c95d426c375526b15.jpg,diabetes
output_valid\diabetes\d_-13-_jpg.rf.4070cbb8c130e2979c1185cc981300d3.jpg,diabetes
output_valid\diabetes\d_-131-_jpg.rf.195e96946510e3cf10b102ab932f3db6.jpg,diabetes
output_valid\diabetes\d_-132-_jpg.rf.0cceb13bdf0a7d656bea3f60272f93de.jpg,diabetes
output_valid\diabetes\d_-138-_jpg.rf.9186125301698b29c9f8cc776561152d.jpg,diabetes
output_valid\diabetes\d_-139-_jpg.rf.f886b4084f26881a5f48b54b02ac4596.jpg,diabetes
output_valid\diabetes\d_-143-_jpg.rf.45533077c24514051ed48563795783eb.jpg,diabetes
output_valid\diabetes\d_-144-_jpg.rf.83259376b5c468a63468e4ed2a84190a.jpg,diabetes
output_valid\diabetes\d_-154-_jpg.rf.89d6fe6843195d2484771e206f4ab01e.jpg,diabetes
output_valid\diabetes\d_-157-_jpg.rf.726921025d7e65cdf7be0b9c6a5da02e.jpg,diabetes
output_valid\diabetes\d_-17-_jpg.rf.5ac7266dd23138230aa7be24e77d297f.jpg,diabetes
output_valid\diabetes\d_-17-_jpg.rf.d317cecf9d3bf8ff4885f62b8a9a861a.jpg,diabetes
output_valid\diabetes\d_-180-_jpg.rf.a8a41df56397193080aefc554225aadf.jpg,diabetes
output_valid\diabetes\d_-181-_jpg.rf.45c9071f080cf3ac30a0560212e288fb.jpg,diabetes
output_valid\diabetes\d_-184-_jpg.rf.1662f64a6e508c0ab30d3315619da188.jpg,diabetes
output_valid\diabetes\d_-195-_jpg.rf.250da307207a87e67d6400eb2941dedc.jpg,diabetes
output_valid\diabetes\d_-201-_jpg.rf.4b6f60822c3ead4b69ce751d65dbd94a.jpg,diabetes
output_valid\diabetes\d_-209-_jpg.rf.8dc61eca8585207afdd4827a3a2f1eba.jpg,diabetes
output_valid\diabetes\d_-215-_jpg.rf.450bc5a5dc65e0f7bf30ff44f168b4cb.jpg,diabetes
output_valid\diabetes\d_-217-_jpg.rf.95e63b33a45e22ba2305468fa1b6b97f.jpg,diabetes
output_valid\diabetes\d_-22-_jpg.rf.a24fff35a25d7e08e0afd21c4d21ca47.jpg,diabetes
output_valid\diabetes\d_-242-_jpg.rf.a6191f62db18eb38d93bae25dcfb1f05.jpg,diabetes
output_valid\diabetes\d_-244-_jpg.rf.3650ef6268726c0b8bc1d085a1f76ff7.jpg,diabetes
output_valid\diabetes\d_-246-_jpg.rf.16120d78944940e69a6c450b42313582.jpg,diabetes
output_valid\diabetes\d_-247-_jpg.rf.0d3e6620471652b2e03339e821353e17.jpg,diabetes
output_valid\diabetes\d_-249-_jpg.rf.95b0a6b0aef220134b827bcf2e1a5922.jpg,diabetes
output_valid\diabetes\d_-27-_jpg.rf.912dc12f79a17db3671c2a444a0fcd9d.jpg,diabetes
output_valid\diabetes\d_-30-_jpg.rf.06cf98f641d572d02dc0524cf1e9d97e.jpg,diabetes
output_valid\diabetes\d_-34-_jpg.rf.96650b26f597527e6efb3f6917e2e9db.jpg,diabetes
output_valid\diabetes\d_-38-_jpg.rf.4a11d8c2917871f1fc7717c857d81f77.jpg,diabetes
output_valid\diabetes\d_-44-_jpg.rf.b4b45a30c841a36b1e4c3dc0a71db670.jpg,diabetes
output_valid\diabetes\d_-52-_jpg.rf.6c8b4692afb7d60fa1b7e918841731cb.jpg,diabetes
output_valid\diabetes\d_-58-_jpg.rf.79d3194a24e35fc8e9297065bd826c5c.jpg,diabetes
output_valid\diabetes\d_-60-_jpg.rf.80437f69c277bf70d510bc8940937867.jpg,diabetes
output_valid\diabetes\d_-63-_jpg.rf.394915294fea06514aabd7f3b31cba98.jpg,diabetes
output_valid\diabetes\d_-75-_jpg.rf.bf7611a8dcebdb7f627fd140417a18a9.jpg,diabetes
output_valid\diabetes\d_-78-_jpg.rf.f0b9759303724dd067af9de042add7b9.jpg,diabetes
output_valid\diabetes\d_-8-_jpg.rf.609aedc4dd46f788b9afbd01911c7e9f.jpg,diabetes
output_valid\diabetes\d_-82-_jpg.rf.ed8eaf4c6c8127c901714d8f8cb02abe.jpg,diabetes
output_valid\diabetes\d_-86-_jpg.rf.c3978880c2fd94129c7b5c10f3f37c97.jpg,diabetes
output_valid\diabetes\d_-89-_jpg.rf.7ef1d281c9cbc243b7aecb4d1692624b.jpg,diabetes
output_valid\diabetes\d_-9-_jpg.rf.58672fbc5c4a23bf8c613bd716c31063.jpg,diabetes
output_valid\diabetes\d_-94-_jpg.rf.2309fa29a1588b72cb39350e2e4478bf.jpg,diabetes
output_valid\diabetes\d_-98-_jpg.rf.59a026a03e075adc9a69040cd0d610fd.jpg,diabetes
output_valid\diabetes\Screenshot_10_jpg.rf.6c24b03ac49ad924f68ee25b5c980d2a.jpg,diabetes
output_valid\non_diabetes\IMG20230423142621_jpg.rf.bf67fb5683336b7f433e57f6b9c9299d.jpg,no_diabetes
output_valid\non_diabetes\IMG20230426121432_jpg.rf.6e28df546ae0ff65396cb0e1adad7cb3.jpg,no_diabetes
output_valid\non_diabetes\nd_-101-_jpg.rf.83c232639bec25e03909cc9b84a68bd2.jpg,no_diabetes
output_valid\non_diabetes\nd_-103-_jpg.rf.8a6cae289553be5bf33d4dba06658e96.jpg,no_diabetes
output_valid\non_diabetes\nd_-114-_jpg.rf.8a08911363700a452e7ce83f8c9df12b.jpg,no_diabetes
output_valid\non_diabetes\nd_-116-_jpg.rf.09a2a8450aa87d64fce1dc6e1e88129c.jpg,no_diabetes
output_valid\non_diabetes\nd_-128-_jpg.rf.ce490e69fd555c3ebff0f57a503e021b.jpg,no_diabetes
output_valid\non_diabetes\nd_-138-_jpg.rf.e1fff59b35e331b73cc2ea214603b695.jpg,no_diabetes
output_valid\non_diabetes\nd_-142-_jpg.rf.c1fdc3215415392ebf5bb18e0ba4e71f.jpg,no_diabetes
output_valid\non_diabetes\nd_-143-_jpg.rf.92d5e2115e8bd79a2eb4e9ca29764ad4.jpg,no_diabetes
output_valid\non_diabetes\nd_-162-_jpg.rf.fa582a9b7c33e913f03668fbeff0770e.jpg,no_diabetes
output_valid\non_diabetes\nd_-165-_jpg.rf.f2d71d02503a08cb5723ef2d7c174ecf.jpg,no_diabetes
output_valid\non_diabetes\nd_-171-_jpg.rf.32c73bb3d97c6764c2c7bb33da951a5d.jpg,no_diabetes
output_valid\non_diabetes\nd_-173-_jpg.rf.ce7a9afec7f559501afdd04f05aa6d57.jpg,no_diabetes
output_valid\non_diabetes\nd_-176-_jpg.rf.3ff8de2d9f1f695556c992d38f7027b6.jpg,no_diabetes
output_valid\non_diabetes\nd_-187-_jpg.rf.54f139b824eec974063ed1ecf616ab77.jpg,no_diabetes
output_valid\non_diabetes\nd_-188-_jpg.rf.57aa8d1e6a5a40dcc787f2f84e9b9d6f.jpg,no_diabetes
output_valid\non_diabetes\nd_-196-_jpg.rf.8ca61024643e5f931d498df4c4b72189.jpg,no_diabetes
output_valid\non_diabetes\nd_-20-_jpg.rf.526de16e005dba399d1701aff6011c93.jpg,no_diabetes
output_valid\non_diabetes\nd_-209-_jpg.rf.85e852e0d1ce3dea0707a1bbe1becf9c.jpg,no_diabetes
output_valid\non_diabetes\nd_-211-_jpg.rf.0b556e615768b6fdc350e284aed7172e.jpg,no_diabetes
output_valid\non_diabetes\nd_-217-_jpg.rf.9cdedf38b5d8ba3ff23b0a3ba2413709.jpg,no_diabetes
output_valid\non_diabetes\nd_-223-_jpg.rf.eda2efdb271ad449c7baf7573cfd8aae.jpg,no_diabetes
output_valid\non_diabetes\nd_-225-_jpg.rf.9792c1a9390ece7b396a070521d89254.jpg,no_diabetes
output_valid\non_diabetes\nd_-226-_jpg.rf.8e8d09f9656364b544a52666f2794c13.jpg,no_diabetes
output_valid\non_diabetes\nd_-23-_jpg.rf.96792d82b38f228ac61a98c06688995b.jpg,no_diabetes
output_valid\non_diabetes\nd_-231-_jpg.rf.d08891e4e38ae8f92d10e3b2536e82c8.jpg,no_diabetes
output_valid\non_diabetes\nd_-233-_jpg.rf.9766b56ae5c647ace269a712a2c4717d.jpg,no_diabetes
output_valid\non_diabetes\nd_-241-_jpg.rf.9719177e4566293a57119f61bd4d4625.jpg,no_diabetes
output_valid\non_diabetes\nd_-242-_jpg.rf.df6f25d8123072310fe25e5843239723.jpg,no_diabetes
output_valid\non_diabetes\nd_-27-_jpg.rf.2b4d70bcf2fa335d2576ad550dfe8fb2.jpg,no_diabetes
output_valid\non_diabetes\nd_-34-_jpg.rf.af28308e5b1ad0ff4963647ab290fa61.jpg,no_diabetes
output_valid\non_diabetes\nd_-42-_jpg.rf.62495599b8e61a32fb4b5ddcbf187435.jpg,no_diabetes
output_valid\non_diabetes\nd_-55-_jpg.rf.abcd235528532d01ddda05e9395500b6.jpg,no_diabetes
output_valid\non_diabetes\nd_-56-_jpg.rf.e99f646cc8145aac40a23bbbdd22b708.jpg,no_diabetes
output_valid\non_diabetes\nd_-59-_jpg.rf.258d22be06827693d1bd893e380c45b3.jpg,no_diabetes
output_valid\non_diabetes\nd_-65-_jpg.rf.c1765a567dd3f0fb8235825614192e5e.jpg,no_diabetes
output_valid\non_diabetes\nd_-66-_jpg.rf.1affce58b6b5cf1fa6651451a0861c68.jpg,no_diabetes
output_valid\non_diabetes\nd_-68-_jpg.rf.29e347407edf46b97ee4c141f147feff.jpg,no_diabetes
output_valid\non_diabetes\nd_-69-_jpg.rf.b8fb4866ca623966b2cc498887abc97e.jpg,no_diabetes
output_valid\non_diabetes\nd_-71-_jpg.rf.41fdad413069715b7845f8393e163ecb.jpg,no_diabetes
output_valid\non_diabetes\nd_-73-_jpg.rf.5f9b6543c05f3e46051697b7b780d11f.jpg,no_diabetes
output_valid\non_diabetes\nd_-74-_jpg.rf.2eaddc9b9de5c7b4a344a6bb7fd04f06.jpg,no_diabetes
output_valid\non_diabetes\nd_-82-_jpg.rf.ae5df516fc5d1ca21ce93ca27f134195.jpg,no_diabetes
output_valid\non_diabetes\nd_-83-_jpg.rf.7703a9993cf8febb8efdbd8090666aa2.jpg,no_diabetes
output_valid\non_diabetes\nd_-86-_jpg.rf.239c41356aee74732987b5e9a075fb97.jpg,no_diabetes
output_valid\non_diabetes\nd_-91-_jpg.rf.b1c52133290ecd1738f8c75507d921e2.jpg,no_diabetes
output_valid\non_diabetes\nd_-93-_jpg.rf.da3b93dd6a9866619483f9efe4641084.jpg,no_diabetes
output_valid\non_diabetes\nd_-96-_jpg.rf.a7bd6065e01b263d90cdcc9d21e96d97.jpg,no_diabetes
output_valid\non_diabetes\nd_-99-_jpg.rf.50e65cafdbe3b32e9286bf3df3e24b6b.jpg,no_diabetes
